,Anthropology.txt
anthrop,71
stud,56
anthropology,42
studies,36
bulletin,36
mus,35
bull,35
antrop,34
archaeol,33
american,31
amer,28
soc,28
rev,25
african,23
museum,23
cult,22
afr,21
res,21
indian,18
social,17
anthropological,17
research,17
inst,16
ethnol,16
asian,15
revista,15
human,15
des,15
etnogr,15
et,15
review,15
hist,15
sci,14
latin,14
archaeology,14
acta,14
archeol,13
society,13
quarterly,12
hum,12
culture,11
pap,11
art,11
archaeological,11
papers,10
la,10
newsletter,10
history,9
international,9
newsl,9
etud,9
arts,9
du,9
bol,8
lore,8
man,8
mater,8
nauk,8
ser,8
del,7
national,7
arqueol,7
cah,7
und,7
etnol,7
folklore,7
natn,7
folkl,7
sociol,7
ass,7
anthropologie,7
antiq,6
forum,6
cahiers,6
sociology,6
ethnology,6
mitt,6
ssr,6
ann,6
urban,6
mitteilungen,6
canadian,6
arch,6
science,6
der,6
folia,6
notes,6
music,6
akad,6
etudes,6
issue,6
pop,6
maya,6
soci,5
anthropologist,5
muslkerk,5
new,5
cuadernos,5
magazine,5
annals,5
ethnogr,5
east,5
monde,5
danthropologie,5
pr,5
ethnologia,5
muz,5
association,5
native,5
cultural,5
institute,5
arkheol,5
linstitut,5
estud,5
archeologiczne,5
arheol,5
boletde,5
ecol,4
mariae,4
visual,4
noire,4
relig,4
annales,4
past,4
oriental,4
inuit,4
orient,4
apla,4
ethnic,4
kong,4
si,4
cultura,4
anthropos,4
ling,4
antropologia,4
trad,4
life,4
se,4
folk,4
sociais,4
bead,4
liet,4
oceania,4
navuk,4
ist,4
eastern,4
estudios,4
tokyo,4
news,4
world,4
boletbol,4
gypsy,4
genet,4
antiquity,4
hombre,4
nat,4
basin,4
rock,4
south,4
studia,4
asiatic,4
sociales,4
wld,4
physical,4
anales,4
little,4
zambezia,4
int,4
fr,4
dresden,4
kaogu,4
museo,4
pacific,4
beitr,3
cuad,3
india,3
anuario,3
transactions,3
archaeologia,3
field,3
lietuvos,3
trans,3
med,3
british,3
occ,3
peasant,3
praehist,3
occasional,3
morav,3
travaux,3
izv,3
aust,3
cambridge,3
gruz,3
gruzii,3
artes,3
rad,3
ethnohistory,3
ecology,3
archaeologica,3
royal,3
religions,3
slav,3
ethnologica,3
universitatis,3
zeitschriftr,3
prehist,3
proceedings,3
proc,3
language,3
etnografia,3
nigeria,3
middle,3
north,3
univ,3
pacif,3
australian,3
glasn,3
lit,3
camb,3
glasnik,3
anu,3
study,3
bogotá,3
materialy,3
akademiya,3
izvestiya,3
canad,3
hong,3
paris,3
suppl,3
biol,3
historia,3
genetics,3
nar,3
antropologrev,3
instituto,3
natural,3
wien,3
arte,3
lang,3
california,3
biology,3
boletdel,3
issues,3
seriya,3
law,3
museums,3
annu,3
kult,3
africa,3
mag,3
historical,3
tadzhik,3
archeologia,3
dialect,2
prehistoric,2
dansalan,2
dacia,2
diadora,2
sveske,2
lond,2
area,2
rencontre,2
spec,2
indias,2
urgent,2
issled,2
savanna,2
prace,2
etnograficzne,2
ethnological,2
pracematerialy,2
eesti,2
sarawak,2
special,2
polev,2
food,2
franáais,2
dyn,2
detudes,2
domodomo,2
curare,2
andines,2
sarance,2
przeglad,2
department,2
plata,2
sail,2
runa,2
radiocarbon,2
rapa,2
nui,2
canberra,2
osaka,2
comparative,2
centre,2
long,2
ethnohist,2
recherches,2
coma,2
cimbebasia,2
dethnologie,2
québec,2
ciànc,2
chungará,2
chicago,2
lid,2
cent,2
samskriti,2
cumania,2
contributions,2
china,2
beograd,2
bygd,2
dep,2
cesky,2
przegl,2
survival,2
publicaciones,2
antropologcuad,2
amériques,2
bigott,2
cookeia,2
sch,2
asia,2
monaco,2
rig,2
southeast,2
africaines,2
contr,2
palacio,2
information,2
issledovaniya,2
aus,2
au,2
ges,2
israel,2
items,2
museumrlkerkunde,2
dem,2
tadzhikskoy,2
isla,2
missiology,2
micronesica,2
meyibó,2
mexicon,2
mesoamérica,2
mera,2
islam,2
istorijos,2
mens,2
indiana,2
históricas,2
homo,2
evol,2
narodna,2
icssr,2
polo,2
far,2
iraq,2
indones,2
informa,2
inf,2
munibe,2
mission,2
inuktitut,2
lpz,2
bunko,2
transit,2
moscow,2
surv,2
literatures,2
branch,2
brchasiat,2
kultura,2
kroeber,2
kontiki,2
levant,2
kobie,2
xuebao,2
khipu,2
sbornik,2
sborn,2
tbilisi,2
survey,2
libyan,2
toyo,2
studiesasian,2
medical,2
mayab,2
jewish,2
po,2
huty,2
nowej,2
great,2
libyca,2
masterkey,2
gt,2
lud,2
mokslu,2
tsr,2
metrastis,2
hespéristamuda,2
transition,2
ennaanin,2
andina,2
ethos,2
plains,2
pictogram,2
etnoantrop,2
etnofoor,2
polska,2
etnolog,2
ethnomusicology,2
etnoloska,2
explor,2
paideuma,2
ossa,2
ornament,2
odu,2
ethnos,2
ethnologie,2
nyame,2
ethnographie,2
etto,2
eskimo,2
ethnia,2
racial,2
ethnies,2
ethnographia,2
zeitschrift,2
png,2
polevyye,2
pogrom,2
eur,2
fennica,2
fenn,2
rec,2
akuma,2
numen,2
health,2
drus,2
genus,2
geogr,2
pacha,2
nawpa,2
drustva,2
nature,2
slov,2
hare,2
natal,2
muzeja,2
csl,2
goodwin,2
series,2
gradhiva,2
garcia,2
américan,2
nsi,2
fls,2
norveg,2
nth,2
expedition,2
fataburen,2
finskt,2
florida,2
northern,2
fort,2
posnan,2
fontes,2
nigrizia,2
font,2
nexus,2
socamer,2
franáaise,2
kenya,2
azania,2
funde,2
pol,2
trace,2
beads,2
folklor,2
theory,2
balg,2
américa,2
meth,2
etnografiya,2
zealand,2
swiatowit,2
tor,2
jamaica,2
annual,2
west,2
amerhum,2
wu,2
tillage,2
wen,2
backdirt,2
amérindia,2
antropologe,2
tools,2
polona,2
beitræge,2
zur,2
tarih,2
veche,2
biblical,2
berytus,2
zimb,2
suomen,2
hung,2
sect,2
kurumu,2
agria,2
westermarck,2
suom,2
altthüringen,2
fiji,2
archaeoastronomy,2
antaeus,2
akwekon,2
alba,2
regia,2
volksk,2
allpanchis,2
svenska,2
volkskunde,2
archaeometry,2
vopr,2
cercet,2
voprosy,2
arkheolohiya,2
bssr,2
pam,2
thaiyunnan,2
project,2
visible,2
vestn,2
beaver,2
pink,2
olive,2
arheoloski,2
moldovei,2
brunei,2
cape,2
curiesklodowska,2
bhandarkar,2
archipel,2
sectioann,2
digging,2
stick,2
kiva,2
insulindien,2
le,2
sciences,2
terrain,2
tenn,2
thracodacica,2
atoll,2
atlatl,2
asie,2
taloha,2
tebiwa,2
persp,2
perspectives,2
asclepio,2
polski,2
dafrique,2
archeologické,2
mesoamer,2
vestsi,2
populares,2
puebl,2
temenos,2
esp,2
ancient,2
tempus,2
tribal,2
arrabona,2
tennessee,2
trav,2
übersee,2
musei,2
antropologii,2
folklife,2
invest,2
ur,2
brno,2
anthropologia,2
ulster,2
tumivut,2
socis,2
antropolgica,2
antropolgicas,2
zborn,2
guatemala,2
guat,2
malawi,2
chil,2
sociologus,2
préhist,2
aymaras,2
zambia,2
jalisco,2
préhistoire,2
taal,2
lima,2
ethnographica,2
aborig,2
boliv,2
senri,2
education,2
educ,2
suisse,2
action,2
océan,2
today,2
uqaqta,2
zimbabwea,2
museumsrlkerkunde,2
uomo,2
sign,2
aboriginal,2
ber,2
antiqua,2
courier,2
dev,2
unesco,2
athens,2
records,2
botswana,2
anthroquest,2
borneo,2
cienc,2
curie,2
antropologamericana,2
yaxkin,2
indig,2
yaglambu,2
quintum,2
bikmaus,2
yb,2
languages,2
cultures,2
anthropologica,2
studii,2
mex,2
tribus,2
yearbook,2
phys,2
european,2
monogr,2
monographs,2
ad,2
zagreb,2
cercetari,2
praehistorica,2
linguistics,2
moraviae,2
land,2
starinar,2
scientiae,2
ciencias,2
paper,2
en,2
winak,2
vertebrata,1
dhistoire,1
geneva,1
montalbmontalb,1
berliner,1
umjetnost,1
frühgesch,1
genava,1
gesellschaftr,1
umjetn,1
musdart,1
museumsr,1
palasiatica,1
akademii,1
muzeumsoucasnost,1
îsterreichischen,1
tvorchist,1
nanzan,1
ta,1
soucas,1
kommission,1
etnohrafiya,1
akademie,1
præhistorien,1
urgesch,1
vertebr,1
berl,1
tvorch,1
antiquities,1
wissenschaften,1
urgeschichte,1
palasiat,1
præhist,1
komm,1
hagyomány,1
muvelt,1
muveltshagyomány,1
frühgeschichte,1
vienna,1
etnohr,1
verîff,1
potsdam,1
ethnológica,1
gesellschaft,1
akademijos,1
alp,1
rhodan,1
lettre,1
dethnomédecine,1
lett,1
ethnom,1
lhomme,1
homme,1
supplement,1
archeologija,1
darbaiserija,1
radova,1
darb,1
literatura,1
ludowa,1
ludow,1
traditional,1
lituanisticas,1
lituanistica,1
dzkie,1
etnograficznedz,1
makedonski,1
zbornik,1
rhodanien,1
northeast,1
issledovaniyakh,1
zpr,1
zpravy,1
pres,1
prehistory,1
zimbabwean,1
kleine,1
kl,1
anthropologiemorph,1
kratkiye,1
soobshcheniyadokladakhpolevykh,1
kratk,1
alpin,1
soobshch,1
morphologie,1
popullore,1
ethnologieethnol,1
archæologiearchæol,1
lannsociologique,1
slovrz,1
annsociol,1
zbornslovenskéhorodnéhozea,1
belgrade,1
makedon,1
ne,1
anthropologischen,1
vjesn,1
maatsch,1
mexican,1
verîffentlichungen,1
arkheologii,1
midcontinental,1
midcontarchaeol,1
midj,1
miscelánea,1
antropológica,1
ecuatoriana,1
misc,1
mem,1
ecuator,1
muzejazagrebu,1
arheoloskog,1
vjesnik,1
religion,1
nculosnculos,1
hramad,1
hramadskikh,1
seryya,1
hamburg,1
maatschappij,1
memoirs,1
markets,1
wiener,1
traders,1
wienlkerk,1
mkts,1
tradersasia,1
wienerlkerkundliche,1
bl,1
blætter,1
materialnaya,1
tadzhikistana,1
ethnohistorische,1
cracow,1
archaeologyafrarchaeol,1
materialyprace,1
antropologiczne,1
wiad,1
materialyantropologii,1
kavkaza,1
kavk,1
etnografii,1
wiadomosci,1
issuespapuan,1
papuan,1
rodopisné,1
northwest,1
aktualityrod,1
paulo,1
istorie,1
econ,1
melanesia,1
melanes,1
indonesian,1
antropologie,1
malayan,1
affairs,1
malay,1
aff,1
speleol,1
speleology,1
popular,1
chilena,1
comitat,1
colombiana,1
colomb,1
cubana,1
cuban,1
antropology,1
comitatensia,1
arqueologrev,1
etnoantropologicisociologici,1
economic,1
arheologie,1
antropologi,1
readings,1
myth,1
folkliv,1
queensland,1
svenskt,1
queensl,1
vojvodanskih,1
vojvod,1
landsmoch,1
rasynarody,1
rasy,1
island,1
vict,1
read,1
isl,1
asunci,1
supl,1
amérindiennes,1
antropológico,1
suplemento,1
rech,1
amérindien,1
victorian,1
sao,1
studi,1
aktual,1
arqueologamericana,1
present,1
slovrod,1
rivista,1
di,1
slovenskyrodopis,1
riv,1
rossiiskaia,1
arkheologiia,1
ross,1
slovenská,1
slavia,1
siles,1
silesia,1
scr,1
muzeya,1
antropologiietnografii,1
leningr,1
schweizerisches,1
archivr,1
schweiz,1
scottish,1
scott,1
scripta,1
brussels,1
sociologie,1
analysis,1
southeastern,1
arqueologia,1
bel,1
ciàncias,1
dialectology,1
spraw,1
tradiciones,1
etnografie,1
sprawozdania,1
sovet,1
sovetskaya,1
exploreramer,1
revue,1
ethnologyafrethnol,1
folclore,1
folcl,1
bulletinafr,1
sociological,1
secciantropologrev,1
española,1
netwks,1
networks,1
analys,1
societyj,1
mythic,1
landsm,1
quartquart,1
laboratoire,1
peopl,1
archaeologistamer,1
scientific,1
zimbabwe,1
les,1
dans,1
supplementa,1
nw,1
trab,1
antropologiaetnologia,1
papanthrop,1
trabalhos,1
palestine,1
exploration,1
palest,1
památky,1
pamirovedeniye,1
pamiroved,1
meetings,1
meet,1
london,1
pastoral,1
pays,1
nomad,1
peoples,1
scholar,1
rodopisny,1
vestnceskoslovenskyrod,1
humanities,1
mushuman,1
geographic,1
tartu,1
prajzi,1
értesítopr,1
êrt,1
trud,1
schol,1
nomadic,1
nzarchaeol,1
calif,1
dermatoglyphics,1
dermatoglyph,1
chapter,1
trudy,1
occid,1
paysdit,1
lab,1
laditerranoccidentale,1
pastor,1
patterns,1
prejudice,1
archeologiczny,1
practicing,1
pract,1
praehistorische,1
philosophical,1
pensafr,1
syst,1
philos,1
afrique,1
antropologiczny,1
pensen,1
public,1
techn,1
publ,1
systämes,1
antropologpubls,1
antroprdoba,1
publs,1
san,1
juan,1
pueblos,1
indígenaseducacipuebl,1
indeduc,1
techniques,1
etnogrdz,1
patt,1
state,1
prejud,1
philippine,1
philippcult,1
margaretolcent,1
center,1
margaretologist,1
record,1
contemp,1
contemporary,1
bullny,1
york,1
etnograficznadz,1
canadas,1
arkheologicheskiye,1
exploring,1
austanthrop,1
text,1
textile,1
population,1
popul,1
wroclaw,1
seria,1
debrecenirizeum,1
teborgs,1
kavkaz,1
chileno,1
serena,1
venez,1
venezolano,1
boletindigenista,1
precolomb,1
precolombino,1
histórico,1
trend,1
archivo,1
yucat,1
esc,1
yucatbol,1
universidad,1
antropológicas,1
domin,1
oro,1
rup,1
briefing,1
brief,1
brmid,1
brsociol,1
br,1
océaniennes,1
polynésie,1
orientale,1
américanistes,1
lecole,1
dextràmeorient,1
ec,1
extrorient,1
darchéologie,1
escuela,1
arqueologbol,1
antioquia,1
belletenrk,1
insul,1
ausgrabungen,1
ausgrab,1
baesslerarchiv,1
baesslerarch,1
balgarska,1
balgarski,1
behavior,1
behav,1
ungarndeutschen,1
ungarndt,1
beitrage,1
japanologie,1
japan,1
bellrk,1
antropologbol,1
bericht,1
basler,1
archaeologist,1
bijdragen,1
tot,1
volkenkunde,1
bijdr,1
volkenk,1
boletimrie,1
para,1
emílio,1
goeldir,1
boletculturalbibliográfico,1
bibliogr,1
archéol,1
sofia,1
fondamental,1
canadarchaeol,1
biométrie,1
humaine,1
biométr,1
tunisie,1
tunis,1
latines,1
amlatin,1
traditions,1
populaires,1
cahierstudes,1
ethnologiques,1
cam,1
methods,1
canadafr,1
canadnative,1
estudos,1
central,1
ceramica,1
ceram,1
exchange,1
exch,1
ciància,1
trópico,1
tr,1
conference,1
anthropologists,1
australia,1
conf,1
communicationes,1
archaeologicae,1
cad,1
cadernos,1
noireriesciences,1
computing,1
humaines,1
fondam,1
noirer,1
desances,1
bullanc,1
acadsci,1
outremer,1
bureau,1
bur,1
haiti,1
genevois,1
genev,1
musdanthropologie,1
préhistorique,1
bica,1
og,1
schools,1
taiwan,1
ethnographic,1
border,1
bord,1
taipei,1
committee,1
comm,1
taichung,1
seriesanthropology,1
school,1
midstud,1
bulletins,1
etmoires,1
sudest,1
trends,1
etnograficheskiy,1
etnologan,1
aequator,1
aequatoria,1
andean,1
mesoamerica,1
español,1
pueblo,1
arqueology,1
artesan,1
antropologan,1
amersociol,1
amerphys,1
bask,1
basketry,1
ethnologist,1
service,1
antiquitde,1
legypte,1
serv,1
egypte,1
provincial,1
prov,1
theprstek,1
annprstek,1
annuaire,1
roumain,1
roum,1
hungarica,1
anthropologiaizlemények,1
anthropzl,1
anthropeur,1
alaska,1
amind,1
indígena,1
amaz,1
medicae,1
debreceniriz,1
êvk,1
abhandlungen,1
berichte,1
staatlichen,1
abh,1
facultatis,1
rerum,1
naturalium,1
comenianae,1
fac,1
rer,1
comen,1
geneticae,1
gemellologiae,1
amazonperuana,1
gem,1
naturales,1
bollettino,1
nordovest,1
supplementary,1
africana,1
afric,1
africatervuren,1
afrtervuren,1
afrika,1
akademiashkencave,1
tirana,1
albanstudia,1
albanica,1
anthropologischer,1
anzeiger,1
anz,1
arct,1
eastamer,1
archeological,1
rozhledy,1
rozhl,1
études,1
interdisciplinaires,1
sur,1
archivrlkerkunde,1
archlkerk,1
archives,1
archivio,1
lantropologiala,1
etnologia,1
arctic,1
arheologia,1
nz,1
radovirasprave,1
raspr,1
vestnik,1
arkheologicheskiya,1
pamyatniki,1
feodalnoy,1
feodal,1
arquivo,1
anatomiaantropologia,1
arq,1
anat,1
dexico,1
artesx,1
artesanías,1
america,1
newslont,1
suny,1
indigenista,1
ucla,1
st,1
augustin,1
antislavery,1
reporter,1
antislave,1
reptr,1
portuguesa,1
port,1
antropologantropologmex,1
antropologantropologquito,1
americanos,1
euskofolklore,1
euskofolkl,1
arabian,1
method,1
arab,1
arbeits,1
forschungsberichte,1
zurchsischen,1
bodendenkmalspflege,1
arb,1
forschberchs,1
boddenkmpfl,1
historica,1
interregionalis,1
interreg,1
archaeologiai,1
értesito,1
ert,1
hungariae,1
commun,1
comp,1
jahrbuch,1
vorgeschichte,1
mitteldeutsche,1
jahresschriftr,1
jb,1
leipzig,1
zu,1
filol,1
comunicaáao,1
vostokoved,1
filologiya,1
istoriya,1
vostokovedeniye,1
pravoved,1
ekon,1
jschr,1
mitteldt,1
vorgesch,1
japanese,1
japethnol,1
jemenreport,1
jemenrep,1
jewishsociol,1
jewishrev,1
américanistessoc,1
océanistessoc,1
africanistesafric,1
anthropologuesanthrop,1
movementanthrop,1
historyafr,1
lawafr,1
folkloreamer,1
filos,1
pravovedeniye,1
ekonomika,1
indexed,1
indonesia,1
circle,1
circ,1
informes,1
antropológicos,1
intafr,1
intamer,1
intanthrop,1
intcomp,1
intmidstud,1
migration,1
migr,1
iranformerly,1
fully,1
iran,1
filosofiya,1
lietuviu,1
kulturos,1
micronesian,1
sud,1
sahara,1
socsahara,1
istorikofilologicheskiy,1
zhurnal,1
istfilol,1
zh,1
kazakhskoy,1
obshchestvennykh,1
kazakh,1
obshch,1
archaeologyanthrop,1
researchanthrop,1
sciencearchaeol,1
nigeriahist,1
anthropologyquant,1
ritual,1
studiesritual,1
sociologysociol,1
chengchi,1
nipponanthrop,1
nippon,1
oxfordanthrop,1
oxf,1
indiaanthrop,1
societyasiat,1
faculty,1
sectionanthropologyfac,1
societygypsy,1
collectionshist,1
studiespeasant,1
collns,1
societyhong,1
societyindian,1
studiesinst,1
madras,1
malaysian,1
societymalay,1
polynesian,1
societypolynes,1
societyr,1
asiat,1
steward,1
societysteward,1
kavkazskiy,1
quantitative,1
historypacif,1
leiden,1
evolutionhum,1
biosocial,1
sciencebiosocial,1
linguisticscalif,1
anthropologycalif,1
cherokee,1
studiescherokee,1
ethnobiologyethnobiol,1
archaeologyfield,1
researchfolkl,1
glass,1
studiesglass,1
sociologyhist,1
ecologyhum,1
issuehum,1
indoeuropean,1
ethnographymus,1
studiesindoeur,1
lorelatin,1
studieslatin,1
legal,1
pluralism,1
unofficial,1
lawlegal,1
plur,1
linguistic,1
anthropologyling,1
mayan,1
linguisticsmayan,1
mediterranean,1
studiesmedit,1
indianphys,1
il,1
igles,1
ethnograrchæol,1
antwerp,1
nutrition,1
nutr,1
teaduste,1
akadeemia,1
toimetised,1
ühiskonnateadused,1
tead,1
toim,1
öhisktead,1
el,1
empirical,1
empiric,1
ethnographischarchæologische,1
europaea,1
driemaandelijks,1
scandinavica,1
scand,1
slavica,1
etnetn,1
etnoantropoloski,1
problemi,1
casopis,1
probl,1
etnograafiamuuseumi,1
aastaraamat,1
etnogrmuus,1
aastar,1
shqiptare,1
shqipt,1
driemaand,1
dialectical,1
juznih,1
antropaires,1
programa,1
desgraduaáao,1
em,1
comun,1
progr,1
rio,1
ethnography,1
critique,1
crit,1
antropologsocial,1
arquitectura,1
mesoamericana,1
arquit,1
nacional,1
prehispánicos,1
netwk,1
prehisp,1
sociedad,1
dynamics,1
dynam,1
tradition,1
populaire,1
albanaise,1
alban,1
current,1
curr,1
derdapske,1
derdap,1
development,1
network,1
etnografija,1
slavenamadarskoj,1
pueblosculturas,1
sarajevu,1
genäveafr,1
geographical,1
évkînyve,1
etnografiska,1
ürstryckteborgs,1
èrstr,1
antropoloskog,1
jugoslavije,1
jugosl,1
slovenskega,1
etnoloskega,1
zemaljskog,1
bosnehercegovinesarajevu,1
zem,1
serafr,1
antropobiol,1
hlth,1
boliviana,1
historiacultura,1
hombreambiente,1
ambiente,1
evolution,1
heredity,1
hered,1
organization,1
org,1
iberoamerikanisches,1
archiv,1
iberoamer,1
iglesia,1
genäveafrique,1
ortar,1
juz,1
malien,1
madar,1
istrazivanja,1
istraz,1
tribina,1
trib,1
etnoloski,1
pregled,1
pregl,1
documents,1
balkaniques,1
etditerranéens,1
docum,1
balkandit,1
maliennes,1
mongoles,1
antropobiologia,1
mongol,1
sibérien,1
tsiganes,1
tsig,1
childrens,1
child,1
posnaniensia,1
folklarchívum,1
americano,1
archaeologici,1
posnanienses,1
archeologiae,1
moravicae,1
ortarie,1
spol,1
