,Astronomy and Astrophysics.txt
physics,344
observatory,200
science,174
engineering,144
research,126
society,122
international,114
sciences,112
technology,101
astronomical,100
applied,95
transactions,92
university,91
bulletin,87
publications,81
acta,76
der,76
ieee,73
physical,72
space,69
nauk,67
chemistry,66
astronomy,62
materials,61
izdatel,60
series,59
mathematical,59
communications,55
proceedings,52
review,52
akademiia,51
contributions,51
et,50
mathematics,49
des,49
systems,49
mechanics,48
moscow,46
astrophysics,46
institute,46
letters,45
royal,44
geophysics,44
energy,41
zeitschrift,41
reviews,41
advances,41
und,40
supplement,40
american,40
reports,39
institut,36
reprints,36
applications,36
earth,35
nuclear,34
electronics,34
di,32
la,31
sssr,31
chemical,31
annales,30
report,30
ssr,30
mitteilungen,29
progress,29
japan,28
physica,28
seriia,28
analysis,28
methods,27
indian,27
annals,27
optics,27
trudy,26
geophysical,26
ussr,26
european,26
processing,25
lobservatoire,25
new,25
vki,24
dynamics,24
computational,24
education,23
high,23
izvestiia,23
optical,23
sternwarte,23
academy,23
fur,23
soviet,23
national,23
solid,22
zu,22
theory,22
theoretical,22
aerospace,22
fluid,21
physique,21
control,21
springer,21
annual,21
radio,20
information,20
zhurnal,20
chinese,20
observatorii,20
veroeffentlichungen,20
state,19
revue,19
electronic,19
fizika,19
paris,18
magazine,18
sinica,18
numerical,18
astronomico,18
power,18
jprs,18
studies,18
biophysics,18
vibration,18
molecular,17
modern,17
technical,17
association,17
astronomica,17
observations,17
heat,17
college,17
memoirs,17
izvestiya,17
iee,17
astrophysical,16
quantum,16
mekhanika,16
physik,16
serie,16
leningrad,16
data,16
variable,16
biology,16
issledovaniia,16
scientific,16
asme,15
structures,15
verlag,15
vestnik,15
problemy,15
arxiv,15
atmospheric,15
canadian,15
notes,15
quarterly,15
transfer,15
eprints,15
electrical,14
nauka,14
astronomicheskoj,14
plasma,14
experimental,14
engineers,14
planetary,14
universitet,14
laboratory,14
sci,14
rept,14
aeronautical,13
south,13
laser,13
tokyo,13
astronomischen,13
signal,13
computers,13
environmental,13
publication,13
gesellschaft,13
techniques,13
history,13
doklady,13
section,12
universitaetssternwarte,12
design,12
shock,12
solar,12
faculty,12
berlin,12
observatoire,12
development,12
meteorology,12
mechanical,12
observatorio,12
fiziki,12
british,12
america,11
philosophical,11
surface,11
topics,11
academie,11
london,11
special,11
center,11
newsletter,11
atomic,11
star,11
circular,10
sensing,10
papers,10
computing,10
instruments,10
remote,10
measurement,10
medicine,10
radiation,10
computation,10
image,10
geology,10
universitaet,10
physikalische,10
australian,10
imaging,10
instituta,10
belgique,10
advanced,9
ime,9
acoustics,9
institution,9
stars,9
composites,9
biochemistry,9
electron,9
zealand,9
meteorological,9
osservatorio,9
spectroscopy,9
telecommunications,9
voprosy,9
nonlinear,9
biophysical,9
recent,9
cambridge,9
mathematik,9
news,9
rendus,9
solids,9
akademiya,9
comptes,9
fiziko,9
astronomische,9
pure,9
naukitekhniki,9
communication,9
metals,9
fluids,8
biological,8
itogi,8
department,8
modelling,8
archiwum,8
kiev,8
revista,8
chemie,8
tekhnika,8
astronomie,8
akademie,8
circulars,8
harvard,8
edinburgh,8
angewandte,8
mecanique,8
del,8
statistical,8
mathematica,8
observers,8
universiteta,8
optimization,8
ocean,8
van,8
industrial,8
annalen,8
naval,8
technische,7
classe,7
union,7
societe,7
general,7
composite,7
specola,7
fuer,7
magnetic,7
italiana,7
circuits,7
meeting,7
aeronautics,7
pubblicazioni,7
fusion,7
abstracts,7
geophysik,7
archives,7
analytical,7
mass,7
du,7
quarter,7
infrared,7
marine,7
boletin,7
mount,7
temperature,7
matter,7
nuovo,7
medical,7
division,7
macromolecular,7
dellosservatorio,7
nasa,7
fizicheskaia,7
scienze,6
australia,6
russian,6
vaticana,6
della,6
energiia,6
processes,6
esa,6
berichte,6
african,6
sterne,6
air,6
waves,6
studia,6
smithsonian,6
southern,6
astronomique,6
telecommunication,6
thermophysics,6
germany,6
simulation,6
lecture,6
royale,6
memoires,6
dastrophysique,6
china,6
geochemistry,6
particle,6
defense,6
francaise,6
heidelberg,6
astronomisches,6
nacional,6
nachrichten,6
moskovskii,6
rivista,6
seriya,6
tsirkulyar,6
siam,6
astronomii,6
centre,6
graphics,6
appliquee,6
astrofizicheskoj,6
catalysis,6
neural,6
network,6
meteorologie,6
management,6
preprint,6
vychislitel,6
hungarica,6
manufacturing,6
naukite,6
hydrology,6
scandinavica,6
instrumentation,6
polymer,6
uspekhi,6
nauki,5
machine,5
nye,5
geological,5
kyoto,5
matematika,5
koeniglichen,5
nondestructive,5
condensed,5
testing,5
integrated,5
bureau,5
conference,5
atmosfery,5
west,5
structural,5
czechoslovak,5
global,5
oxford,5
handbook,5
si,5
statistics,5
non,5
sources,5
current,5
japanese,5
monographs,5
vision,5
cape,5
scripta,5
lowdimensional,5
sistem,5
digest,5
astronomia,5
world,5
fizicheskii,5
mechanika,5
propulsion,5
observatoriums,5
spacecraft,5
atti,5
biomedical,5
technique,5
astronautics,5
contemporary,5
ceramic,5
africa,5
matematicheskii,5
geophysica,5
memorie,5
recherche,5
hamburger,5
transport,5
accademia,5
metallurgica,5
rendiconti,5
gosudarstvennyi,5
bulgarska,5
resources,5
biophysica,5
india,5
discussions,5
flow,5
dynamical,5
universidad,5
biochemical,5
evaluation,5
kyushu,5
instituto,5
climate,5
clinical,5
polytechnica,5
navigation,5
low,5
korean,5
biblioteka,4
gidrometeoizdat,4
antennas,4
periodica,4
pacific,4
geometry,4
linstitut,4
york,4
recherches,4
mashinostroenie,4
byulleten,4
studii,4
electro,4
instituts,4
mathematiques,4
texas,4
lick,4
monthly,4
astronomicheskii,4
wilson,4
microgravity,4
observatories,4
artificial,4
physiology,4
ii,4
standards,4
kiel,4
related,4
nuclei,4
evolution,4
geodeziia,4
acoustical,4
biochimica,4
plata,4
press,4
ueber,4
yale,4
beijing,4
meteorite,4
psychology,4
cordoba,4
environment,4
pis,4
societa,4
observatorium,4
argentina,4
express,4
horizons,4
phenomena,4
planets,4
economics,4
materialia,4
napoli,4
moon,4
turbulence,4
astrophysik,4
finance,4
geography,4
nazionale,4
polish,4
muenchen,4
dei,4
oceanography,4
dominion,4
ma,4
archiv,4
beams,4
janeiro,4
minsk,4
mekhaniki,4
surfaces,4
prikladnoi,4
rio,4
wissenschaften,4
bssr,4
astronomiia,4
akademii,4
france,4
academia,4
im,4
beitraege,4
radiotekhnika,4
zur,4
matematiki,4
laboratories,4
automation,4
khimiia,4
equations,4
water,4
ferroelectrics,4
combustion,4
teorii,4
thermal,4
plazmy,4
oral,4
pollution,4
satellite,4
tverdogo,4
tela,4
gosudarstvennyj,4
shkola,4
natural,4
classical,4
nouvelle,4
gazov,4
biulleten,4
israel,4
biophysique,4
climatology,4
gmbh,4
fundamental,4
aviation,4
life,4
materialov,4
archive,4
washington,4
tadzhikskoi,4
east,4
photonics,4
univ,4
astrofiziki,4
wave,4
microwave,4
selected,4
tellus,4
astronautica,4
mechanik,4
rsr,4
contributi,4
fracture,4
besancon,4
otdelenie,4
zemli,4
informatsii,4
cosmology,4
acad,4
quality,4
networks,4
open,4
chaos,4
reliability,4
glavnoj,4
stockholms,3
atmosphere,3
veraenderliche,3
observateurs,3
kodaikanal,3
minnesota,3
matematica,3
madrid,3
den,3
intelligence,3
cercetari,3
conversion,3
elektronika,3
universitas,3
leipzig,3
mathematisch,3
naturwissenschaftliche,3
bosscha,3
es,3
behavior,3
soil,3
comments,3
cosmic,3
urania,3
scientia,3
scandinavian,3
geographie,3
onera,3
speech,3
chile,3
tohoku,3
culture,3
computeraided,3
fisica,3
ricerche,3
durchmusterung,3
swasey,3
warner,3
inst,3
media,3
bulletins,3
travaux,3
thermodynamics,3
sensors,3
padova,3
maszyn,3
roumaine,3
semiconductors,3
letter,3
relativity,3
tiflis,3
combinatorics,3
rossiiskaia,3
colloid,3
rossijskaya,3
wissenschaftliche,3
physiological,3
broadcasting,3
leaflet,3
gravity,3
david,3
dunlap,3
st,3
circulaire,3
transportation,3
differential,3
fiber,3
ciencias,3
elektronik,3
republic,3
victoria,3
institutes,3
cybernetics,3
astronomisk,3
tidsskrift,3
lyon,3
electromagnetics,3
variables,3
astronomiques,3
lacademie,3
obs,3
deutsche,3
norvegica,3
soobshcheniya,3
bulgarian,3
astronomicheskogo,3
konferentsiia,3
vsesoiuznaia,3
digital,3
philosophy,3
antarctic,3
metsniereba,3
crystallography,3
interface,3
goettingen,3
dunsink,3
council,3
athens,3
superconductivity,3
washburn,3
wroclaw,3
skalnate,3
pleso,3
aerospatiale,3
vleck,3
dushanbe,3
kazan,3
mineralogy,3
raumfahrt,3
beobachtungen,3
petrology,3
auf,3
experiment,3
illinois,3
lubrication,3
aas,3
geophysicae,3
mechanica,3
koi,3
stromlo,3
ukrains,3
propagation,3
tekhnichni,3
geodesy,3
dopovidi,3
oceanic,3
robotics,3
microscopy,3
devices,3
electromagnetic,3
meteor,3
teramo,3
industry,3
collurania,3
zeitschriftr,3
zhidkostigaza,3
ultrasonics,3
minor,3
philips,3
solidstate,3
bonn,3
en,3
flugwissenschaften,3
plasmas,3
molecules,3
mater,3
sonderdrucke,3
resonance,3
meddelanden,3
fran,3
astronomiska,3
uppsala,3
electronica,3
crystallographica,3
status,3
iasi,3
institutul,3
politehnic,3
buletinul,3
recheninstituts,3
sectia,3
mecanica,3
planet,3
reihe,3
note,3
nature,3
geomagnetism,3
speed,3
microelectronics,3
behaviour,3
intelligent,3
moskovskogo,3
sviaz,3
measurements,3
aerosol,3
teoriia,3
jena,3
problems,3
razrezhennykh,3
radiofizika,3
irish,3
ordena,3
tsentr,3
solntsa,3
exploration,3
istanbul,3
optika,3
novosibirsk,3
geneve,3
instytut,3
sonneberg,3
astrophysikalischen,3
eng,3
melbourne,3
year,3
die,3
modeling,3
societatis,3
doptique,3
aircraft,3
observation,3
weather,3
cimento,3
jphy,3
cimentoserie,3
bank,3
jodrell,3
spring,3
flows,3
fall,3
potsdam,3
frequenza,3
seria,3
matematichenaturali,3
luft,3
crystals,3
porous,3
toulouse,3
flower,3
surveys,3
jsme,3
geofizicheskii,3
cook,3
universite,3
istituto,3
quaternary,3
imperial,3
politechnika,3
te,3
geodaetica,3
fisiche,3
optik,3
annaler,3
functional,3
scientiarum,3
lincei,3
akad,3
prikladnaia,3
bei,3
phys,3
astron,3
wien,3
naukowe,3
supplements,3
teacher,3
theorique,3
chimie,3
strain,3
zeszyty,3
kosmicheskie,3
cr,3
greenwich,3
observatoriya,2
pt,2
ser,2
groningen,2
cas,2
missouri,2
plasmaphysik,2
munchen,2
spika,2
protection,2
stalinabadskoj,2
agricultural,2
radiological,2
simul,2
jom,2
kapteyn,2
photo,2
laws,2
canada,2
mineral,2
representation,2
approaches,2
beobachtungszirkular,2
tuebingen,2
vacuum,2
zentralinstituts,2
atomizdat,2
dacoustique,2
civil,2
astronical,2
madras,2
ire,2
kharkov,2
izdanie,2
semiconductor,2
cegb,2
tel,2
babelsberg,2
celestial,2
observatoriipulkove,2
almaata,2
astrofizicheskogo,2
casopis,2
nyi,2
astronomicheskoi,2
glavnoi,2
csf,2
fizicheskaya,2
parttransactions,2
iue,2
nauchnye,2
sovremennye,2
arbeitsgemeinschaft,2
berliner,2
erde,2
naukatekhnika,2
okeanologiia,2
vuz,2
znanie,2
seminar,2
teoreticheskaia,2
algorithms,2
sitzungsberichte,2
klasse,2
photographic,2
naia,2
sensor,2
carnegie,2
metallurgiia,2
dc,2
carter,2
lab,2
casi,2
vishcha,2
lenina,2
wellington,2
sovetskoe,2
jahrbuch,2
western,2
kinematikafizika,2
viniti,2
vysshaia,2
nebesnykh,2
energoizdat,2
medecine,2
tadzhikskoj,2
lunds,2
online,2
shemakhinskoj,2
spisanie,2
laboratoriia,2
sciencepolymer,2
bull,2
practical,2
astrophys,2
belgrade,2
liege,2
fra,2
jmmm,2
material,2
lassociation,2
quantitative,2
robotic,2
asociacion,2
living,2
mechanism,2
dobservateurs,2
mededelingen,2
structure,2
visual,2
commission,2
radioanalytical,2
semiclassical,2
italiani,2
bolletino,2
reference,2
brain,2
braunschweig,2
parallel,2
lvov,2
waerme,2
tonantzintla,2
physicsnuclear,2
thesis,2
gosudarstvennogo,2
matematicheskaia,2
meteorologique,2
matematicheskie,2
imeni,2
matematicheskoe,2
communities,2
budapest,2
jmet,2
aeronomie,2
meccanica,2
detoiles,2
universiteit,2
program,2
nedra,2
seismology,2
seismological,2
yamagata,2
meteorites,2
yerkes,2
met,2
meteoritics,2
cell,2
meteorologische,2
combinatorial,2
teaching,2
metallurgy,2
volcanology,2
nucleaire,2
learning,2
mikroelektronika,2
scientifique,2
ed,2
terrestrial,2
optiki,2
metalworking,2
mission,2
biogeosciences,2
kobe,2
instituut,2
geodesique,2
dinformation,2
donnees,2
stellaires,2
microdevices,2
moskovskij,2
guidance,2
telescope,2
liquid,2
geoelectricity,2
fellows,2
petroleum,2
biographical,2
smart,2
capodimonte,2
netherlands,2
jetp,2
czechoslovakia,2
metal,2
sky,2
leningradskii,2
situ,2
metallurgical,2
departamento,2
stirecon,2
tekhnicheskij,2
italiano,2
sea,2
gruppo,2
models,2
link,2
quest,2
goethe,2
cycles,2
military,2
delta,2
films,2
developments,2
dfvlr,2
medizin,2
tagung,2
geothermal,2
publikationen,2
dinamika,2
dio,2
disa,2
display,2
geos,2
eksperimental,2
michigan,2
georgetown,2
distributed,2
bologna,2
noiteoreticheskoi,2
deep,2
effects,2
documentation,2
bergedorf,2
photogrammetric,2
nanostructures,2
fizica,2
spectra,2
louisiana,2
mexico,2
public,2
perkins,2
interactions,2
hokkaido,2
historical,2
rca,2
louvain,2
arizona,2
polymers,2
steward,2
hill,2
summer,2
radiotekhnikaelektronika,2
chimica,2
helvetica,2
liquids,2
handbuch,2
eye,2
earths,2
rare,2
engineer,2
dlib,2
tashkent,2
priborostroenie,2
energetika,2
poznan,2
uniwersytet,2
serieschemical,2
toxicology,2
informations,2
adama,2
mickiewicza,2
frontiers,2
foundations,2
house,2
torino,2
essays,2
ingenieurwesen,2
forschung,2
explosives,2
propellants,2
voln,2
technologies,2
noise,2
fizyka,2
coatings,2
tekhnicheskoi,2
facultad,2
faraday,2
fatigue,2
messtechnik,2
temperatur,2
krakow,2
embo,2
tartuskoj,2
fundamentals,2
plant,2
sproul,2
stability,2
pmtf,2
atmospheres,2
oceans,2
poliarnye,2
seriesphysical,2
stochastics,2
europe,2
geografiska,2
sbornik,2
eclipsing,2
binaries,2
electric,2
machines,2
electrotechnical,2
researches,2
ottawa,2
cosmochimica,2
elektrische,2
geochimica,2
gravitation,2
avtomatike,2
economic,2
popular,2
postepy,2
microwaves,2
photochemistry,2
proceedingscommunications,2
rundschau,2
vysokikh,2
photogrammetry,2
surgery,2
past,2
maxillofacial,2
neue,2
linear,2
spectrometry,2
wilhelm,2
millimeter,2
nizamiah,2
probability,2
north,2
gidrodinamiki,2
astronomicky,2
prague,2
interdisciplinary,2
markets,2
interavia,2
commercial,2
konkoly,2
integral,2
przeplywowych,2
prace,2
mons,2
aires,2
radcliffe,2
business,2
johannesburg,2
radar,2
interplanetary,2
palomar,2
technol,2
aeronomiifizike,2
cst,2
geomagnetizmu,2
iskusstvennykh,2
issledovanie,2
lasers,2
sputnikov,2
sampe,2
nachrichtenblatt,2
isis,2
metody,2
chocs,2
cida,2
ciel,2
nachrichtentechnische,2
isa,2
espacio,2
nagoya,2
ionosphere,2
circolare,2
ionosfernye,2
inzynierskie,2
rozprawy,2
nanjing,2
astrofili,2
pretoria,2
rise,2
buenos,2
andrews,2
delle,2
italia,2
pattern,2
rves,2
astrofisica,2
osaka,2
roma,2
argentino,2
geoscience,2
resultados,2
shelf,2
insulation,2
trends,2
hybrids,2
spectrum,2
pergamon,2
milanomerate,2
technological,2
lightwave,2
observervatory,2
england,2
peremennye,2
cerro,2
zvezdy,2
kwasan,2
greece,2
proceedingsmicrowaves,2
orion,2
origins,2
organic,2
dynamique,2
scotland,2
riga,2
owens,2
algebra,2
astronomiche,2
valley,2
oslo,2
teoreticheskoi,2
separata,2
dastronomie,2
helsinki,2
informational,2
geologie,2
understanding,2
occasional,2
indiana,2
odesskij,2
nat,2
imi,2
comp,2
mexicana,2
mechnikova,2
oikos,2
language,2
impact,2
ima,2
mitteilungsblatt,2
nederlandse,2
aquatic,2
ion,2
apl,2
bordeaux,2
mat,2
ukrainskii,2
investigations,2
mathematicae,2
bulgaria,2
astroparticle,2
nice,2
armagh,2
equipment,2
tartu,2
strasbourg,2
satellites,2
uk,2
astra,2
library,2
ag,2
heavy,2
skies,2
gruzinskoi,2
tbilisi,2
tekhnicheskii,2
astrophysica,2
wear,2
recheninstitut,2
usoc,2
biologique,2
math,2
tekhnicheskikh,2
matematichni,2
ta,2
chicago,2
meteo,2
arts,2
sterrewacht,2
components,2
tables,2
leiden,2
navuk,2
sezione,2
ast,2
frankfurt,2
med,2
biol,2
uzbekskoi,2
zvezd,2
gidrofizicheskie,2
morskie,2
filial,2
skii,2
bruxelles,2
caroliae,2
universitatis,2
atlas,2
geophysique,2
fennicae,2
velocimetry,2
apatity,2
scientarum,2
acustica,2
aeronautica,2
ukrainian,2
austriaca,2
automatica,2
wales,2
maritime,2
tp,2
astronomers,2
dudley,2
associazione,2
wind,2
basel,2
akademia,2
introduction,2
azerbaidzhanskoi,2
stelle,2
variabili,2
lowell,2
lucien,2
sofia,2
issledovaniya,2
tekhnicheskikhmatematicheskikh,2
libert,2
aster,2
spetsialnoj,2
spektroskopii,2
astrofizicheskie,2
lund,2
yamaguchi,2
wuli,2
astrobiology,2
xxfd,2
nauchnaia,2
belorussian,2
private,2
aeronautique,2
lunar,2
sibirskoe,2
operations,2
gauthiervillars,2
agu,2
koniglichen,2
fizicheskikh,2
aslib,2
bogenhausen,2
dynamic,2
academiae,2
packaging,2
abhandlungen,2
gas,2
vilnius,2
atmosferyokeana,2
turbines,2
edam,2
optica,2
sistemy,2
tesla,2
chemica,2
dearborn,2
tribology,2
aiaa,2
los,2
turbomachinery,2
aiche,2
software,2
lembang,2
indonesia,2
florida,2
microstructures,2
sessiia,2
vdi,2
zenit,2
spray,2
coimbra,2
scientist,2
zhetf,2
aeg,2
academic,2
bioclimatology,2
bioklimatologie,2
archaeoastronomy,2
performance,2
telefunken,2
vie,2
da,2
arch,2
geosciences,2
zentralinstitut,2
angloaustralian,2
kosmicheskim,2
epping,2
alta,2
terre,2
faculte,2
observatoriia,2
aerodinamika,2
physiques,2
lucham,2
ankara,2
atr,2
tsagi,2
universidade,2
microbiology,2
bamberg,2
apss,2
tashkentskoj,2
ambio,2
mechaniki,2
naturforschung,2
babes,2
stosowanej,2
aasdivision,2
exact,2
directions,2
aps,2
bolyai,2
automatic,2
kleine,2
ann,2
remeissternwarte,2
adaptive,2
geologiigeofiziki,1
physicsproceedings,1
vcfd,1
vlsi,1
acids,1
nucleic,1
vblt,1
noigg,1
nuphs,1
plants,1
vkisp,1
nse,1
combined,1
nuctf,1
physicsnuphb,1
vlsid,1
nucte,1
ntt,1
nucph,1
physicsnupha,1
mrovg,1
turbulent,1
nttrv,1
nacel,1
sheets,1
vccpp,1
nds,1
nuend,1
nucfu,1
nisz,1
shear,1
nucfs,1
nugeo,1
noizn,1
novig,1
nualg,1
nucim,1
sredy,1
vtsf,1
rotor,1
researchnimpa,1
nimpr,1
researchnimpb,1
vvrd,1
nabliudeniia,1
naz,1
sploshnoi,1
zentralstelle,1
nar,1
polar,1
nfao,1
numht,1
catalog,1
mgtvp,1
motortechnische,1
oovro,1
motze,1
mimeographs,1
ycat,1
usnoy,1
mtsom,1
vicfd,1
winter,1
mtsre,1
civile,1
usnoo,1
oaorp,1
vac,1
atomnoi,1
besk,1
meudon,1
muvsk,1
nick,1
mvsmm,1
vtj,1
meuk,1
termoiadernykh,1
lyore,1
plazmyproblemy,1
genk,1
vizier,1
obnk,1
cnes,1
upravliaemykh,1
mgtvm,1
faiteslobservatoire,1
obser,1
pi,1
muss,1
ncimb,1
ncima,1
schriften,1
vafc,1
vereinigung,1
numat,1
municholdenbourg,1
universitaets,1
layers,1
numerische,1
turbomachines,1
nhtb,1
voies,1
nhta,1
compressors,1
cimentogeophysics,1
mtwar,1
nciml,1
ovs,1
ncims,1
vimt,1
mtwre,1
ncimr,1
ventilation,1
mwoar,1
physicsncimc,1
mrs,1
vadvs,1
mrsbu,1
lettere,1
axial,1
ncimd,1
boundary,1
nodef,1
vcfdi,1
vmta,1
nspec,1
annali,1
grid,1
vkimt,1
aerodynamics,1
spatial,1
ncns,1
anbog,1
nvvsr,1
sterren,1
veranderlijke,1
niuna,1
werkgroep,1
sterrenkunde,1
vkilv,1
generation,1
nasac,1
nn,1
npnds,1
neutron,1
vngg,1
neuro,1
nanotechnology,1
neuroscientist,1
necom,1
navale,1
njmm,1
monatshefte,1
mineralogie,1
nanot,1
universitario,1
neues,1
nasal,1
vadmt,1
serugc,1
geographic,1
nphs,1
natur,1
methodology,1
hypersonic,1
nath,1
nhess,1
hazards,1
nbstn,1
vmht,1
nudtj,1
nraor,1
nage,1
bath,1
nistj,1
natph,1
naturwissenschaften,1
weer,1
navpa,1
nasar,1
nasas,1
voor,1
description,1
reportstia,1
vereiniging,1
navau,1
nw,1
navig,1
nrrv,1
reportstin,1
vmatp,1
nbssp,1
ninfo,1
newa,1
newar,1
nuaaj,1
antennen,1
fachtagung,1
radial,1
periodicals,1
calif,1
hollywood,1
sapmm,1
holland,1
vkirt,1
ngfaw,1
nacze,1
nati,1
visualization,1
nordisk,1
nonli,1
nhcwp,1
nvs,1
njch,1
nropt,1
upsaliensis,1
soc,1
regiae,1
sternfreunde,1
nova,1
nroa,1
nraa,1
northwestern,1
dastronautique,1
daeronautique,1
polre,1
defined,1
npuj,1
polytechnical,1
vcgfv,1
nonlinearity,1
npgeo,1
nzjs,1
nusem,1
displacement,1
vgtet,1
asnyn,1
exchangers,1
vnmft,1
vihe,1
turbine,1
naaij,1
nzjgg,1
seriecorb,1
ntn,1
newsc,1
njph,1
transient,1
japal,1
rangapur,1
hyderabad,1
nohic,1
nizre,1
school,1
vpidv,1
nce,1
ndte,1
ntco,1
nonequilibrium,1
nppsb,1
engine,1
natma,1
nlopt,1
nufem,1
nyasa,1
ssrp,1
lplac,1
phosp,1
photosynthetica,1
velei,1
ruhruniversitaet,1
bochum,1
veboc,1
veari,1
psynr,1
photosynthesis,1
berlindahlem,1
photobiology,1
veabd,1
phnan,1
vebon,1
pgers,1
pge,1
vefra,1
pg,1
photogrammetria,1
psyn,1
physic,1
phyl,1
phy,1
vegoe,1
phynr,1
pefpn,1
nuclearis,1
fortis,1
energiae,1
phye,1
physicalowdimensional,1
phyd,1
physicanonlinear,1
phyc,1
physicasuperconductivity,1
phyb,1
physicacondensed,1
phya,1
vejen,1
physicastatistical,1
pcpb,1
vekab,1
vertf,1
vertiflite,1
ptmj,1
transitionsmultinational,1
phase,1
perco,1
ppte,1
ppme,1
ppee,1
pmhu,1
pzp,1
veroffentlichungen,1
prilozhenie,1
pz,1
perms,1
skills,1
motor,1
perceptual,1
parel,1
recognition,1
vert,1
vertica,1
veldn,1
phd,1
phint,1
interpretation,1
phoen,1
veraenderlichenbeobachter,1
phoenix,1
seriesrspt,1
partpmagb,1
partpmaga,1
pmagl,1
pmag,1
phitr,1
phirr,1
vezpe,1
verslag,1
phijr,1
staat,1
phdt,1
scriptaphysb,1
volumephst,1
vebb,1
pcmld,1
minerals,1
grossherzoglichen,1
karlsruhe,1
seriespcmlc,1
vekar,1
vebam,1
seriespcmlb,1
seriespcmla,1
vebab,1
solidi,1
pcl,1
vemun,1
phche,1
pced,1
earthpcec,1
earthpceb,1
earthpcea,1
pce,1
pcm,1
needs,1
pcn,1
vehei,1
pchei,1
eeeppp,1
veroeffentlichung,1
highenergy,1
foerster,1
sterwarte,1
collision,1
phyes,1
phyed,1
phb,1
ptppb,1
photon,1
phapp,1
vewfs,1
peei,1
badischen,1
interior,1
pcs,1
phasp,1
spacelab,1
reviewphrva,1
phyr,1
pphts,1
superconductors,1
properties,1
phgeo,1
pcse,1
vekoe,1
pccp,1
incorporating,1
berlinbabelsberg,1
pcesr,1
phbio,1
phaco,1
physs,1
pssbr,1
solidibasic,1
pssar,1
phrv,1
reviewphrvb,1
dokph,1
reviewphrvc,1
veson,1
phchh,1
hydrodynamics,1
physicochemical,1
psjaj,1
vekie,1
pscec,1
psd,1
prstp,1
phrvs,1
accelerators,1
koenigsberg,1
seriesphrvi,1
phrvl,1
reviewphrve,1
reviewphrvd,1
pr,1
paras,1
parasitology,1
lplas,1
optma,1
osajb,1
osaj,1
opscn,1
optrv,1
mokslas,1
optqe,1
izvil,1
optpe,1
optft,1
virginia,1
opten,1
oqe,1
acopt,1
osid,1
olear,1
oejv,1
oczas,1
ondrejov,1
osaji,1
optpn,1
optle,1
optsp,1
optimal,1
opmep,1
promyshlennost,1
mekhanicheskaia,1
optiko,1
opsp,1
optikaspektroskopiia,1
opato,1
biuletenis,1
opat,1
optn,1
vilob,1
optl,1
optlt,1
optex,1
oexpr,1
optco,1
okean,1
oawmn,1
kharkovskogo,1
plpla,1
orroe,1
onras,1
va,1
obvys,1
vitro,1
sverkhprovodimosti,1
vysokotemperaturnoi,1
obzory,1
astronomies,1
abteilung,1
helr,1
riob,1
servico,1
publicacoes,1
rosob,1
argentia,1
rosario,1
municipal,1
ocdyn,1
oceng,1
ocmod,1
ocphe,1
oesterreichische,1
izode,1
boode,1
byulletin,1
vjs,1
mvsfa,1
vigeo,1
oap,1
odessa,1
oceanus,1
acoc,1
oceanologica,1
osjaj,1
oceanographical,1
ocscid,1
ocsci,1
vistas,1
ocam,1
optoelektronikapoluprovodnikovaia,1
opput,1
trep,1
otpi,1
vienna,1
otborperedacha,1
otobi,1
otborobrabotka,1
oscar,1
cartilage,1
osteoarthritis,1
pubblicazione,1
observatorijos,1
treviso,1
ariel,1
agency,1
privato,1
trip,1
viaea,1
trieste,1
vierteljahresschrift,1
visbd,1
oisnp,1
constants,1
vemos,1
parc,1
pmg,1
vkha,1
pmetr,1
paloc,1
kievskogo,1
paleoceanography,1
palb,1
paleobiology,1
ozse,1
ozone,1
oxm,1
vkie,1
oxidation,1
astronomiya,1
oxfoo,1
oists,1
romco,1
scientifici,1
mario,1
buens,1
vierteljahrsschrift,1
ornav,1
naturforschenden,1
inrich,1
ortung,1
igs,1
fl,1
orlando,1
amateurastronomie,1
vng,1
villanova,1
vilco,1
oleb,1
biosphere,1
orli,1
orgeo,1
astronomijos,1
prefecture,1
vmed,1
monte,1
osutr,1
su,1
padcr,1
comunicazionirassegne,1
ternc,1
vag,1
notecomunicazioni,1
termm,1
osservazioni,1
vierteljahrschriftr,1
terco,1
gerichtliche,1
öffentliches,1
napco,1
astronomici,1
sanitätswesen,1
osir,1
osiris,1
vissha,1
vtsau,1
mgimo,1
zglgl,1
steklova,1
gletscherkunde,1
mmfmp,1
polia,1
mekhanicheskie,1
metodyfiziko,1
matis,1
glazialgeologie,1
mfinm,1
zgeo,1
fizikanelineinaia,1
mafiz,1
kristallographie,1
mst,1
zkri,1
masters,1
mashi,1
marpg,1
mistr,1
modelirovanieteoriia,1
zamp,1
matev,1
jim,1
matst,1
msf,1
forum,1
mstec,1
mseng,1
marbu,1
matl,1
mcp,1
elektricheskikh,1
mmp,1
zflwe,1
materialpruefung,1
matve,1
vesnik,1
matematichki,1
mmtet,1
tsepei,1
margr,1
marge,1
marrq,1
lvots,1
magfe,1
madob,1
madoo,1
zemet,1
mmcp,1
mlear,1
zphy,1
mades,1
lvovskij,1
marconi,1
livs,1
physikhadrons,1
lcec,1
zphya,1
physikcondensed,1
zphyb,1
luxembourg,1
luraq,1
mrmpb,1
magnitnaia,1
gidrodinamika,1
maggi,1
mange,1
metallkunde,1
manuscripta,1
matej,1
mantech,1
mwgbi,1
bibliographisches,1
mannheim,1
mtaci,1
zmetl,1
koezlemenyei,1
intezetenek,1
csillagvizsgalo,1
tudomanyos,1
magyar,1
magis,1
magnitosfernye,1
mattr,1
materiaux,1
matte,1
romer,1
deutschen,1
sterrenkundig,1
gent,1
geologischen,1
zfhdg,1
meaar,1
aarhus,1
observatoriet,1
energietechnik,1
allgemeine,1
ole,1
zeie,1
zageo,1
meddelser,1
melu,1
seriemelu,1
zaphy,1
meupp,1
megen,1
het,1
astronomisch,1
katholieke,1
fachsektion,1
mmarb,1
mmebr,1
lebre,1
meloo,1
melar,1
mektt,1
mekp,1
polimerov,1
mekkm,1
kompozitnykh,1
mekgs,1
giroskopicheskikh,1
medph,1
meleu,1
hydrogeologie,1
leuven,1
anorganische,1
zaac,1
mcomm,1
maphs,1
weltraumforschung,1
planck,1
max,1
mathematika,1
macom,1
mms,1
mpcps,1
mapr,1
mpam,1
za,1
mpag,1
mas,1
mmna,1
matm,1
mmas,1
matg,1
mafi,1
mei,1
mitae,1
mesct,1
meas,1
zflu,1
eisenbahnwesen,1
memat,1
metes,1
teoretycznastosowana,1
merec,1
mtdm,1
verkehrstechnik,1
timedependent,1
msm,1
mcms,1
mpds,1
discrete,1
mssp,1
glasers,1
zevga,1
mecen,1
mecc,1
lr,1
physikparticles,1
fields,1
land,1
elektro,1
lpb,1
zhpmr,1
laj,1
lapidary,1
ldd,1
fizicheskoi,1
degradation,1
aerms,1
lchip,1
missilispazio,1
khimii,1
zhfk,1
nauchnoiprikladnoi,1
laerotecnica,1
aeras,1
lastronautique,1
laeronautique,1
redaktsiiu,1
laeo,1
focus,1
lafoc,1
latme,1
ezhegodnik,1
tautenburg,1
latviiskii,1
lastr,1
lastronomie,1
mitau,1
astrf,1
brescia,1
sereno,1
villaggio,1
trimestral,1
lastrofilo,1
laphy,1
lapab,1
lasj,1
mitvs,1
fotografiikinematografii,1
onchip,1
lawob,1
luchi,1
ziran,1
zazhi,1
ziza,1
kt,1
ktheory,1
kozmo,1
kozmos,1
koslu,1
kosiu,1
znpfk,1
zpravodaj,1
ukraine,1
kosis,1
kosnt,1
vzlu,1
kosmicheskaia,1
kimmj,1
knab,1
kungl,1
svenska,1
vetenskapsakademiens,1
zvmmf,1
zhphy,1
kyutr,1
kyusr,1
kyuam,1
kufem,1
kyitb,1
kyome,1
kyb,1
kybernetes,1
kvane,1
kvantovaia,1
zhps,1
zhtfi,1
ksvh,1
handlingar,1
noi,1
matematikimatematicheskoi,1
karlschwarzschildobservatoriums,1
lbl,1
luben,1
rinkinys,1
folge,1
zpcnf,1
llabj,1
lincoln,1
lda,1
lifetime,1
lfr,1
wiesbaden,1
fizikos,1
matematicheskoi,1
lietuvos,1
licob,1
lmaph,1
laes,1
lhmt,1
leo,1
leonardo,1
velen,1
licr,1
lithos,1
litho,1
zpcl,1
zphyc,1
lpico,1
lpi,1
physikatoms,1
lowob,1
clusters,1
ltp,1
loele,1
electrique,1
londe,1
lockh,1
lockheed,1
zphyd,1
lrsp,1
lrr,1
zpc,1
zpcf,1
lgupm,1
zpcw,1
lblrr,1
lnes,1
leene,1
zeiph,1
leban,1
zepan,1
lnpam,1
lnp,1
lnm,1
lnen,1
werkstofftechnik,1
elektrochemie,1
lnsp,1
zwer,1
zemliavselennaia,1
lerec,1
lecho,1
aspls,1
aspl,1
zemvs,1
teilznatb,1
teilznata,1
legid,1
atmosfernoi,1
zeapc,1
lelen,1
lenizdat,1
izlen,1
izdatelstvo,1
leizs,1
sudostroenie,1
lizne,1
leizn,1
leizm,1
zmp,1
leizu,1
leningradskogo,1
leizk,1
leizg,1
leize,1
prato,1
mmmts,1
msrsl,1
reaktsii,1
mp,1
mogid,1
vnmp,1
mener,1
moeba,1
automatike,1
energoatomizdat,1
matom,1
morgi,1
mwrv,1
issledovanii,1
vyssha,1
mnras,1
notices,1
vygeo,1
mnssj,1
mnssa,1
stoffuebertragung,1
mosim,1
kosmicheskikh,1
moiki,1
scientifiques,1
legkaia,1
izyer,1
mizma,1
vsesoiuznyi,1
mizli,1
industriia,1
simpozium,1
difraktsiirasprostraneniiu,1
raukr,1
moizk,1
moipm,1
miebr,1
radioelektronike,1
mieba,1
naiaprikladnaia,1
moize,1
vnpm,1
moiza,1
metodyprogrammirovanie,1
mophr,1
ws,1
molph,1
graz,1
mimue,1
munster,1
mitue,1
motion,1
wamot,1
mijen,1
miwie,1
migra,1
mison,1
mgm,1
random,1
mimun,1
miinn,1
innsbruck,1
mibud,1
ungarischen,1
mipul,1
pulkowo,1
wavel,1
wrr,1
mipot,1
gms,1
metabolism,1
warsaw,1
genetics,1
mclc,1
mbbb,1
mbb,1
mjps,1
moldavian,1
lettersmplb,1
lettersmpla,1
mimpe,1
modge,1
mag,1
warre,1
msmse,1
wasoa,1
monograph,1
mizme,1
aademiia,1
moizm,1
atomnykh,1
movys,1
lazerov,1
movnt,1
vmoip,1
mosvi,1
voennoe,1
mosvo,1
voenizdat,1
stolknovenii,1
nauchnoitekhnicheskoi,1
movin,1
momgk,1
komitet,1
mezhduvedomstvennyi,1
momtn,1
votas,1
voptp,1
avtomaticheskogo,1
tekhnologicheskikh,1
moshchnye,1
parametrov,1
izmereniia,1
otchet,1
vants,1
mgumn,1
dinamikiprochnosti,1
vopdp,1
elektroniki,1
vett,1
moeit,1
vopga,1
energeticheskii,1
kibernetiki,1
mollp,1
vopk,1
plazma,1
metrologicheskogo,1
lazerylazernaia,1
obespecheniia,1
upravleniia,1
mezhdunarodnyi,1
mizmu,1
moini,1
izyak,1
mizrs,1
yerevan,1
mizne,1
minvs,1
seismologiia,1
mintf,1
armenian,1
minmi,1
mosiz,1
mingi,1
geologicheskoi,1
moina,1
mincv,1
vernadskogo,1
chteniia,1
minfi,1
moizn,1
yakutsk,1
mizsr,1
misri,1
moizs,1
izmiran,1
perspective,1
miznz,1
tekhnike,1
nauke,1
zhizni,1
novoe,1
moizz,1
vossische,1
zeitung,1
mizvs,1
vossz,1
moizv,1
moizt,1
misst,1
sviazi,1
statisticheskaia,1
nikolaihauptsternwarte,1
wrm,1
mikon,1
metik,1
metma,1
meapp,1
metis,1
meteornye,1
metrr,1
radiovoln,1
rasprostranenie,1
meteornoe,1
meteoritika,1
wrore,1
mps,1
metic,1
wieng,1
metit,1
wisbt,1
wisze,1
mtrma,1
reihemeteorologie,1
msctn,1
mesjj,1
meteorologicke,1
zpravy,1
mcme,1
enzymology,1
methodscompanion,1
mvmp,1
mathematischen,1
williamstown,1
verfahren,1
methoden,1
wiloo,1
methy,1
metap,1
map,1
metze,1
metru,1
megid,1
meteorologiiagidrologiia,1
metzp,1
forschungsergebnisse,1
mtpmm,1
mgg,1
delosservatorio,1
mecom,1
mendeleev,1
msais,1
mmsai,1
nieliniowych,1
mmnap,1
zadn,1
zavodskaia,1
zalab,1
transactionsmmta,1
mmras,1
mfksu,1
mmbaa,1
zamm,1
mmasi,1
mmkyo,1
mesrm,1
metallurgie,1
drgan,1
mercury,1
mercu,1
zagadnienia,1
yaloy,1
mtobm,1
yufem,1
metallov,1
obrabotka,1
metallovedenietermicheskaia,1
yutr,1
metallofizika,1
merau,1
automatisme,1
regulation,1
mesures,1
msngr,1
messenger,1
meaut,1
automatika,1
meres,1
mcomp,1
subnuclear,1
budapestszabadsaghegy,1
weldj,1
missiles,1
miint,1
izmin,1
welding,1
bgu,1
mpec,1
mpc,1
mpbu,1
weltall,1
mielc,1
minpe,1
minm,1
mineralogical,1
minde,1
deposita,1
mineralium,1
minph,1
mila,1
missp,1
weien,1
weight,1
mapsep,1
miham,1
mihar,1
ddr,1
hartha,1
brunohbuergelsternwarte,1
mibas,1
wearwearb,1
anstalt,1
astronomischmeteorologischen,1
mibon,1
wthr,1
mitag,1
hamburg,1
mhitr,1
industries,1
mitsubishi,1
mapse,1
mind,1
countermeasures,1
msb,1
organization,1
mist,1
micgq,1
mire,1
mii,1
mieng,1
microelectronic,1
mpfd,1
fabrication,1
jimo,1
msmfr,1
micec,1
ecology,1
microbial,1
metro,1
metrologia,1
metvy,1
vychislenii,1
mexp,1
microscale,1
thermophysical,1
mteng,1
microanalysis,1
matematicofisico,1
seminario,1
milano,1
welt,1
maimt,1
applicata,1
teorica,1
milan,1
miksb,1
mikro,1
wgn,1
acmik,1
mikrochimica,1
micwa,1
mijo,1
miotl,1
mimic,1
pmb,1
phuz,1
php,1
napriazheniia,1
satco,1
saosr,1
sao,1
mamea,1
peterburgskii,1
sankt,1
teplovye,1
uists,1
univelt,1
flota,1
ca,1
diego,1
san,1
elementakh,1
sampq,1
sampj,1
konstruktsii,1
tnek,1
sbarmo,1
tfizg,1
sbarm,1
gazodinamika,1
serretoh,1
srtoh,1
eighth,1
teplofizikateplotekhnika,1
rep,1
tept,1
sng,1
naturforschende,1
schweizerische,1
suvsr,1
amateur,1
sjmet,1
sjcli,1
teplofizika,1
investigation,1
tepvt,1
teploobmenfizicheskaia,1
stvf,1
vozdushnogo,1
scsa,1
capmi,1
texmi,1
seriesrspta,1
rsnr,1
theoretica,1
records,1
actc,1
rseps,1
corse,1
mimeogram,1
samoletostroenie,1
thapc,1
roan,1
rgoo,1
rgob,1
thafm,1
thcfd,1
vsssc,1
vssre,1
seriesrsptb,1
seriesrspsa,1
seriesrspsb,1
seriesrsps,1
sadha,1
sadhana,1
ruphj,1
rjtam,1
termotecnica,1
rjpc,1
rjmp,1
lterm,1
rjet,1
ruimt,1
ruimtevaart,1
roiet,1
teubner,1
roin,1
texte,1
ttphy,1
textures,1
sced,1
scsp,1
vssci,1
teopm,1
meteorologytellb,1
senar,1
raportoj,1
tsdmo,1
elektrotekhnika,1
teoel,1
astronomiaj,1
teoreticheskaiaprikladnaia,1
funktsii,1
kraevym,1
funktsional,1
sendai,1
sdia,1
dialysis,1
seminars,1
analizikh,1
prilozheniia,1
trkra,1
seriestella,1
spts,1
serv,1
tell,1
tret,1
separation,1
sans,1
santiago,1
saeri,1
telematics,1
informatics,1
korea,1
seoul,1
seacb,1
actuatorschemical,1
seaca,1
actuatorsphysical,1
seac,1
actuators,1
telin,1
telettratelet,1
zadacham,1
tffap,1
secm,1
teplofizicheskie,1
sssmp,1
scisn,1
scib,1
teplo,1
scte,1
scis,1
scpr,1
scten,1
total,1
veroiatnosteiee,1
scin,1
svoistva,1
sisn,1
scied,1
scidi,1
dimension,1
scsmp,1
tepsg,1
sciam,1
scientometrics,1
scim,1
ujep,1
semic,1
primeneniia,1
sests,1
sesct,1
stssp,1
segeo,1
bssa,1
sedim,1
sedimentology,1
teovp,1
sedg,1
sedimentary,1
scmm,1
scm,1
sfsn,1
brunensis,1
teploenergetika,1
tmp,1
pvss,1
phtec,1
cepadues,1
rtrte,1
telecomunicatiilor,1
toasc,1
transporturilor,1
rvmad,1
toshiba,1
tosrv,1
fis,1
real,1
rvcf,1
rmxf,1
rmxaa,1
astronomiaastrofisica,1
iorp,1
editions,1
mensal,1
touce,1
tagu,1
aerrv,1
tphch,1
rvac,1
tcph,1
appliquees,1
pures,1
tomsk,1
tioa,1
rfrmq,1
rfrm,1
rvfeq,1
tapa,1
lelectricite,1
rvpd,1
decouverte,1
palais,1
rvpa,1
rvgdg,1
rvgpg,1
tapph,1
tocat,1
publicacao,1
tams,1
rvrp,1
tlhsq,1
rvpt,1
rvpcj,1
iaut,1
cooperation,1
tiucs,1
literary,1
rdr,1
quebec,1
derivatives,1
colombiana,1
rocor,1
rnao,1
tros,1
tpm,1
rtp,1
ttsp,1
tsslw,1
rrp,1
rsci,1
rvaqs,1
rvmap,1
rvgeo,1
rbrfi,1
taps,1
brasileira,1
rva,1
amigos,1
argengina,1
organo,1
toyal,1
rvpp,1
rvop,1
timc,1
rvmps,1
rvmp,1
rvma,1
rvmin,1
rvges,1
rvgsp,1
rrmpa,1
rvrst,1
rwpwz,1
tecnica,1
astronomiczny,1
rocznik,1
robot,1
robotica,1
trtim,1
trgru,1
rvts,1
selenia,1
tbilisskogo,1
meteorologia,1
rigsa,1
affini,1
iztif,1
geofisicascienze,1
rig,1
tirada,1
geofisica,1
aparte,1
observatorjum,1
geofiziki,1
krakowskiego,1
roczn,1
thast,1
pieck,1
practice,1
rostock,1
izros,1
roimt,1
rodok,1
tpag,1
roisf,1
roimz,1
roie,1
tsf,1
roaj,1
thyssen,1
edelstahl,1
tetb,1
romanian,1
rmeta,1
rra,1
cecles,1
tuisr,1
rheologica,1
rwtha,1
aerodynamisches,1
hochschule,1
westfaelische,1
rheinisch,1
rnisz,1
tufej,1
nabliudenii,1
river,1
taty,1
rezul,1
tuasb,1
rvt,1
tuasr,1
thomson,1
rst,1
cers,1
acrhe,1
taemm,1
metropolitan,1
ra,1
praha,1
corti,1
vedecky,1
tissue,1
tieng,1
popularne,1
tochnostnadezhnost,1
kiberneticheskikh,1
hvezd,1
tnks,1
rizzi,1
tsrsg,1
tokab,1
tokre,1
zinatne,1
denki,1
tufer,1
sst,1
tmopr,1
serbian,1
spwea,1
spvw,1
spaceview,1
spfl,1
spaceflight,1
worldspwdy,1
worldspwdw,1
worldspwdu,1
spwd,1
stica,1
sumi,1
ssrv,1
ssi,1
sprbu,1
sprmd,1
sppow,1
sppol,1
policy,1
spmme,1
vatar,1
susct,1
superconductor,1
stellarum,1
cercetary,1
acspe,1
spectrochimica,1
vatra,1
aplicata,1
stcma,1
richerche,1
sunworld,1
sunwo,1
vatrs,1
spettroscopiche,1
vatma,1
miscellanea,1
vatco,1
comunicazione,1
atlsv,1
variabilium,1
superlattices,1
supplementband,1
stcem,1
sphd,1
sursr,1
reviewsphysics,1
svphu,1
surss,1
svptp,1
svpss,1
svps,1
sjetp,1
svpc,1
munchener,1
svpha,1
svpac,1
svjqe,1
sgeo,1
svjpp,1
svjnp,1
sval,1
sva,1
ssrva,1
sursc,1
survl,1
reviewsmathematical,1
spmar,1
sped,1
spcom,1
spcob,1
anmus,1
aux,1
ssprv,1
sanap,1
suct,1
suria,1
svtrv,1
srl,1
ssrve,1
reviewsastrophysics,1
ssrvd,1
reviewsphysicochemical,1
ssrvc,1
specl,1
matematice,1
seraj,1
smsps,1
stgg,1
vereinigungen,1
torunensis,1
astrnomischen,1
sternzeit,1
sw,1
weltraum,1
stern,1
sectioastronomia,1
stsky,1
mueller,1
stephan,1
strel,1
reinhaltung,1
sstor,1
sthpm,1
staub,1
sthmp,1
stbio,1
aachen,1
sterz,1
stevenage,1
stoan,1
meddelande,1
stome,1
stochastic,1
stere,1
stoor,1
strabismus,1
strab,1
iews,1
peregrinus,1
peter,1
strai,1
herts,1
strojarstvo,1
stroj,1
strop,1
sasn,1
stcom,1
stam,1
specula,1
srmo,1
sscp,1
stmp,1
tracts,1
speng,1
sports,1
stmap,1
ssct,1
speculations,1
stptc,1
scmp,1
sttur,1
astronomicae,1
bucuresti,1
sca,1
observationes,1
monachiensi,1
stcef,1
regia,1
electrophysics,1
ssep,1
group,1
ssgsr,1
sgors,1
stgeo,1
sanug,1
tekhnichkikh,1
odeljenje,1
glas,1
sthep,1
sthcg,1
naukaumetnosti,1
srpska,1
sprre,1
sswp,1
sssyn,1
synergetics,1
sssss,1
svpcs,1
ssos,1
shep,1
sovae,1
aeronomii,1
tphy,1
teloa,1
szpa,1
populaere,1
sirius,1
morphology,1
tbbm,1
simol,1
single,1
sigpr,1
siftz,1
sig,1
sifoe,1
entwicklungsberichte,1
forschungs,1
technisch,1
siemens,1
oekonomische,1
sidpq,1
skin,1
lotniczaastronautyczna,1
srt,1
technika,1
smca,1
scoa,1
saoco,1
smith,1
smmas,1
izgeo,1
smas,1
sabchota,1
sbe,1
small,1
slaob,1
sakartvelo,1
tizss,1
obzor,1
slaboproudy,1
tecn,1
tephl,1
sid,1
informationen,1
saeib,1
tectonophysics,1
svicp,1
programs,1
svicb,1
tecrv,1
svd,1
tectonics,1
tecto,1
sv,1
tectp,1
sibirskii,1
tekhnicheskaia,1
elektrodinamika,1
ansho,1
tekel,1
tjau,1
shanghai,1
acquisition,1
tdapr,1
tecu,1
svicd,1
inform,1
svici,1
simaj,1
siberian,1
zivilen,1
luftfahrt,1
siamr,1
sjna,1
toizl,1
sjma,1
sjco,1
krupp,1
forschungsberichte,1
tmkf,1
sjam,1
geodyn,1
tungg,1
shwav,1
tech,1
smces,1
social,1
sss,1
synme,1
svunt,1
sosao,1
sosht,1
sydney,1
sydop,1
synthetic,1
sobyu,1
erevan,1
armyanskoj,1
msaiq,1
byurakanskoj,1
sams,1
soshe,1
sytec,1
soobshchenie,1
somue,1
mathematische,1
muenster,1
soprotivlenie,1
nauchnyi,1
ural,1
materialovteoriia,1
informatsionnyi,1
svarochnoe,1
ekspeditsiia,1
antarkticheskaia,1
sovetskaia,1
proizvodstvo,1
soust,1
sajsc,1
sajph,1
saaor,1
svpro,1
saaoc,1
shmps,1
sshmp,1
smts,1
sverdlovsk,1
sooruzhenii,1
sokie,1
probleme,1
bsold,1
tanes,1
soce,1
astrofuusika,1
observatoorium,1
teated,1
cells,1
sssaj,1
tarot,1
siban,1
bolgarskoi,1
seej,1
tarpr,1
sfptb,1
fan,1
iztas,1
teledetection,1
georgian,1
photogrammetrie,1
soen,1
soenm,1
dann,1
estonskoi,1
solnechnye,1
sstec,1
geodaesie,1
oberwolfach,1
bulleting,1
sspas,1
sspar,1
tmpgo,1
ssnmr,1
ssion,1
ionics,1
ssele,1
sscom,1
smarc,1
sterj,1
sosyr,1
soph,1
marseille,1
rma,1
approach,1
prpro,1
usfin,1
umam,1
ucc,1
prsp,1
rpcca,1
ues,1
poiska,1
sluchainogo,1
prochnosti,1
usb,1
prmas,1
mashinostroeniia,1
prkfi,1
kosmicheskoi,1
rpesc,1
rpspr,1
prfkl,1
luchei,1
elektrodinamiki,1
prte,1
usnor,1
gravitatsiielementarnykh,1
adademy,1
partpinsb,1
partpinsa,1
pems,1
pasau,1
usnoc,1
paphs,1
pams,1
pmpes,1
pbios,1
pja,1
proceeding,1
prtpt,1
teplofiziki,1
teploenergetikiprikladnoi,1
prtge,1
chastits,1
fizikikosmicheskikh,1
rpbam,1
pigp,1
rpee,1
matematikamekhanika,1
ueq,1
prite,1
eksperimenta,1
priborytekhnika,1
prib,1
prer,1
precambrian,1
prama,1
iadernoi,1
pramana,1
praac,1
naire,1
insia,1
tal,1
naini,1
pradesh,1
prast,1
primm,1
matematikaprogrammirovanie,1
rpen,1
primp,1
prfa,1
elec,1
prdrv,1
uee,1
rpeee,1
difraktsiirasprostraneniia,1
prbio,1
bioniki,1
praia,1
arktikiantarktiki,1
prem,1
uen,1
probabilistic,1
priv,1
prir,1
priroda,1
prim,1
russia,1
pire,1
poclu,1
degli,1
psail,1
latitudine,1
internazionale,1
stazione,1
pufir,1
firenze,1
unpublished,1
studi,1
dellauniversita,1
prph,1
prexp,1
pyrotechnics,1
prex,1
unpub,1
prote,1
teplotekhnika,1
promyshlennaia,1
pthps,1
pomil,1
popad,1
palermo,1
popal,1
din,1
universitatii,1
observatorului,1
publicatiile,1
pmad,1
oklahoma,1
oklre,1
publicacion,1
pus,1
pkcat,1
czech,1
mautx,1
publ,1
potor,1
pautx,1
fuori,1
varie,1
pthph,1
physicsfortschritte,1
pnas,1
sectionpriaa,1
praa,1
praes,1
upravliaiushchie,1
pelis,1
sistemymashiny,1
prvp,1
psebm,1
usm,1
urani,1
ptcp,1
ppsl,1
societyppsb,1
societyppsa,1
pps,1
urmad,1
pnsbp,1
physicists,1
black,1
pabei,1
pbb,1
pbbc,1
pbmb,1
updates,1
prss,1
pqe,1
ppcpp,1
photophysics,1
prpnp,1
uapet,1
porco,1
uppan,1
proce,1
pmetp,1
pmrp,1
pmatp,1
uppor,1
prms,1
pltp,1
precs,1
puamf,1
puama,1
akustyka,1
pctm,1
vatican,1
physiologist,1
phym,1
phycp,1
phyz,1
phygz,1
gesellschaftrich,1
phyg,1
messmethoden,1
materie,1
trenn,1
vatop,1
physikalischchemische,1
saa,1
forschungsheft,1
zeit,1
unserer,1
vdif,1
phyls,1
vsolb,1
league,1
vvore,1
plphr,1
overdrukken,1
ppcf,1
controlled,1
plph,1
pcpp,1
plj,1
pcphy,1
plr,1
plast,1
pss,1
pzhtf,1
tekhnischeskoi,1
pzetf,1
utrov,1
vacuu,1
pazh,1
pkm,1
kondensiterten,1
biomed,1
interiors,1
atoms,1
pan,1
fortschritt,1
stroemungstechnik,1
phss,1
vdizf,1
vehicle,1
pepi,1
phyn,1
phyw,1
phyny,1
vsd,1
reportsphlc,1
sectionphysics,1
lettersphlb,1
lettersphla,1
phl,1
phlf,1
pam,1
phfl,1
fluidsphflb,1
phlrv,1
phyu,1
pht,1
today,1
phtea,1
phr,1
ptf,1
psl,1
vdivdiz,1
phqe,1
phpl,1
zeitschriften,1
ppn,1
particles,1
pmm,1
metallography,1
phmet,1
plds,1
psst,1
ions,1
pli,1
primenenie,1
pomiary,1
ppten,1
polymerplastics,1
polph,1
pocom,1
poly,1
upm,1
polpp,1
priboryikh,1
plpo,1
rpphm,1
poluprovodnikovye,1
poltm,1
tekhnikamikroelektronika,1
poluprovodnikovaia,1
crar,1
milosnikow,1
towarzyslwo,1
automatyka,1
kontrola,1
pomak,1
rpmsm,1
behavioral,1
rlsbb,1
pdiff,1
diffraction,1
powder,1
psci,1
pour,1
poast,1
tools,1
poan,1
astronautyki,1
umm,1
rmtme,1
porme,1
poroshkovaia,1
pa,1
pati,1
polskie,1
polat,1
atmospherique,1
mech,1
pssnn,1
utrechtse,1
neba,1
nochnogo,1
siianiiasvechenie,1
polsi,1
siianiia,1
sterrekundige,1
pngid,1
pnevmatikagidravlika,1
mekhanikitekhnicheskoi,1
prfvt,1
textile,1
verre,1
fibres,1
renforces,1
plastiques,1
utmat,1
pasam,1
psznm,1
pasas,1
slaska,1
pgznm,1
gdanska,1
pcznn,1
techniczne,1
jun,1
rsbam,1
czestochowska,1
sep,1
pasta,1
coagulation,1
rpsba,1
aggregation,1
pasig,1
utr,1
rptr,1
utilitas,1
cluj,1
lp,1
rlpme,1
tshuj,1
rasol,1
radioizluchenie,1
raf,1
radel,1
radioelectronika,1
rascs,1
hua,1
rascb,1
rasc,1
defects,1
rarlr,1
rarlj,1
uzbekskoj,1
reep,1
raee,1
titas,1
tsshe,1
rapc,1
radiophysics,1
rqe,1
rat,1
tsing,1
rf,1
uchenye,1
zapiski,1
raumfahrtforschung,1
rapro,1
prochnost,1
zatsa,1
raschety,1
ramj,1
ramanujan,1
rtre,1
tecommunications,1
ratk,1
tsiam,1
rere,1
rael,1
trtsi,1
reds,1
radef,1
rcaen,1
papph,1
quopt,1
qusop,1
qufin,1
qrei,1
qunj,1
qinghua,1
turbulentnye,1
papop,1
techeniia,1
tssta,1
papge,1
papch,1
pgaoi,1
astronomicheskaia,1
glavnaia,1
turte,1
pulkovo,1
turkish,1
qjras,1
qjrms,1
qjmat,1
qjmam,1
reb,1
rad,1
dutch,1
tstas,1
tsirkulyary,1
radiant,1
tspul,1
radre,1
diplomarbeit,1
tuaid,1
tuijin,1
qsrv,1
qures,1
jishu,1
qrbio,1
tjjpt,1
qapma,1
trtsa,1
trtas,1
popar,1
haror,1
yalry,1
president,1
managers,1
astrofiz,1
trrig,1
board,1
presented,1
rnaoj,1
visit,1
rsenv,1
appointed,1
overseers,1
tralm,1
weteschappen,1
risrj,1
trlen,1
renor,1
renormalization,1
trssr,1
rolun,1
trlit,1
rpph,1
tomar,1
machinery,1
precision,1
rlemr,1
rsced,1
geophysiques,1
rsted,1
trage,1
renev,1
chpas,1
ttp,1
roci,1
tril,1
litovskoi,1
beire,1
rtams,1
rpmp,1
rsq,1
rsems,1
rcarv,1
rrdbc,1
rech,1
rrdsp,1
rrdpf,1
trkaz,1
rrdp,1
rrdpc,1
rrdcp,1
rrdbb,1
rrdap,1
rjehm,1
rdcmp,1
moskovskoe,1
obshchestvo,1
trmmo,1
rti,1
imenipetrovskogo,1
realtime,1
trpet,1
gorodkoj,1
kazanskaia,1
reaer,1
bimonthly,1
regional,1
rzh,1
referationyj,1
raou,1
observatoriipulkovo,1
dutrecht,1
trpul,1
reaa,1
aerospatiales,1
trsht,1
aeronautiques,1
trdus,1
stalinabad,1
resp,1
spatiale,1
reaeb,1
trsta,1
pcopo,1
tjph,1
kobenhavns,1
unecr,1
pcooo,1
pcino,1
cincinnati,1
pboso,1
pbeio,1
umtk,1
pab,1
uecbu,1
branch,1
pasps,1
paib,1
padeu,1
lorand,1
eotvos,1
deparment,1
stare,1
pasj,1
pasa,1
pddo,1
austin,1
pdaa,1
montpellier,1
pkiro,1
kirkwood,1
pgro,1
pisto,1
pgooo,1
carleton,1
goodsell,1
pglo,1
pfao,1
pfco,1
pdreo,1
dresden,1
naturalium,1
ucafr,1
pdo,1
pdao,1
pdauc,1
hawaii,1
pasp,1
ugeological,1
pscds,1
luniversite,1
micre,1
pobeo,1
beograd,1
plagl,1
pulei,1
deruniversitoatssternwarte,1
publicationen,1
speciale,1
pomin,1
pkas,1
minneapolis,1
pcars,1
comu,1
ppcas,1
pomona,1
pusk,1
postr,1
pobor,1
potou,1
kasakstan,1
adurb,1
hawre,1
pohel,1
pbrn,1
borneo,1
puams,1
amsterdam,1
paicz,1
paicu,1
urbana,1
charles,1
paas,1
pallo,1
pittsburgh,1
allegheny,1
pask,1
astrobotanics,1
sect,1
laborotory,1
path,1
rerum,1
ultim,1
ultramicroscopy,1
plico,1
plawo,1
ultmi,1
pobol,1
ultrasonic,1
pyuno,1
yunnan,1
pyero,1
facultatis,1
pwaso,1
ultra,1
unified,1
pwso,1
pvaso,1
vassar,1
pvvo,1
pusno,1
ukmj,1
pomic,1
astrofisico,1
ukranian,1
meddeler,1
mindre,1
survey,1
og,1
publikationer,1
ugsjr,1
popot,1
paikh,1
koenigstuhlheidelberg,1
poxf,1
pwhho,1
sunderland,1
hendon,1
ukfiz,1
pcat,1
ukmaz,1
catania,1
second,1
ptaso,1
orbit,1
pohp,1
seriespgenb,1
nations,1
programme,1
unpsa,1
seriespgena,1
polyo,1
pnaoj,1
pmuno,1
munich,1
pmano,1
manila,1
universita,1
pmcco,1
mccormick,1
aeritaliaunaer,1
leander,1
comeniana,1
hauteprovence,1
observatorie,1
ptaro,1
united,1
astrofizica,1
pspro,1
unione,1
proe,1
prco,1
riverview,1
ppmto,1
mountain,1
purple,1
povro,1
poslo,1
poist,1
istambul,1
poanc,1
bollettino,1
umib,1
calan,1
committee,1
jo,1
koninklijke,1
cajce,1
caries,1
cphd,1
cajss,1
sectioncjra,1
cajrs,1
cajph,1
cjmat,1
cjece,1
cajes,1
cajch,1
mathematique,1
cjche,1
cipsg,1
cagej,1
geotechnical,1
ceej,1
casjq,1
casj,1
bcnrc,1
establishment,1
carr,1
gcrv,1
carob,1
carre,1
cellu,1
cellulose,1
cemda,1
cemec,1
ccda,1
ccd,1
catt,1
cattech,1
carrv,1
catl,1
csvs,1
shternberg,1
suspected,1
catalogue,1
casre,1
ohio,1
cleveland,1
reserve,1
case,1
ctmpc,1
cslpt,1
camre,1
byam,1
btoit,1
btok,1
bussa,1
bulms,1
bkobo,1
buips,1
basi,1
basbr,1
brazil,1
illob,1
baorb,1
baicz,1
bans,1
ban,1
baps,1
baas,1
bavso,1
baapg,1
geologists,1
bubes,1
yerob,1
cca,1
bkoas,1
byupr,1
astrofizicheskaya,1
byurakanskaya,1
byure,1
armenia,1
byurakan,1
bstao,1
bita,1
teoreticheskoj,1
bdus,1
band,1
dokladi,1
bylgarska,1
bcnrs,1
signaletique,1
bvol,1
bpas,1
bmbp,1
bmbio,1
cfapr,1
central,1
cejph,1
cte,1
ct,1
ce,1
espace,1
citm,1
chubu,1
cmdrg,1
dinamike,1
chislennye,1
chsst,1
chsmj,1
chsaj,1
chsbu,1
chphl,1
chphy,1
chjss,1
chjs,1
chjph,1
chjnp,1
cjltp,1
tierradel,1
interna,1
chjir,1
dellunione,1
aeritaliacnrae,1
cnr,1
cppm,1
coir,1
implants,1
clipd,1
clipa,1
cldy,1
ctphy,1
crmmp,1
cqgrs,1
cqgra,1
ciuo,1
cibaa,1
cafoe,1
cssp,1
cirw,1
circuit,1
cissv,1
chjl,1
chjg,1
houches,1
chph,1
chens,1
cerda,1
chenn,1
chenc,1
chedu,1
educator,1
chcom,1
fractals,1
solitons,1
chnew,1
chandra,1
cfdaa,1
cfd,1
ccpfs,1
sekce,1
fyziku,1
pro,1
ceskoslovensky,1
cph,1
chgeo,1
cpl,1
chjcp,1
cpss,1
chjaa,1
astronony,1
chja,1
chiej,1
chaa,1
chrst,1
chuda,1
publicaciones,1
cplip,1
lipids,1
cpcar,1
carbon,1
cej,1
chemistryeuropean,1
cheg,1
chsrv,1
cpr,1
cpssh,1
heterogeneous,1
bumat,1
bopul,1
codab,1
bmfrs,1
bioch,1
bion,1
bionika,1
biome,1
biometrika,1
biomi,1
brcps,1
bps,1
bmp,1
bmnas,1
centralpoulkovo,1
bgd,1
bgeo,1
acbb,1
bcb,1
bbrc,1
biluf,1
luftbildwessen,1
bildmessung,1
bepm,1
bpj,1
bioengineering,1
bpbes,1
biosm,1
blazd,1
blazar,1
biast,1
astrofizikii,1
bjull,1
botor,1
uniwersytetukopernikatoruniu,1
astronomicznego,1
obserwatoium,1
biuletyn,1
biotl,1
biotechnology,1
biosc,1
bioscience,1
biorh,1
biorheology,1
biopk,1
biophysik,1
bioph,1
encounters,1
bielefeld,1
astba,1
besbe,1
blabr,1
record,1
bell,1
brogs,1
belgian,1
bepha,1
atmosphaere,1
beige,1
bepl,1
buaaj,1
bit,1
brmic,1
besn,1
bbcen,1
bbc,1
bawmn,1
bayerische,1
bavsr,1
rundbrief,1
beobachtungsergebnisse,1
anzi,1
basarabene,1
bunsengesellschaft,1
astrei,1
biblioteca,1
beelm,1
mashiny,1
elektricheskie,1
beskontaktnye,1
bern,1
bernoulli,1
bavsm,1
bgbgm,1
geoexploration,1
borntraeger,1
gebrueder,1
bavmm,1
shriftenreihe,1
badpg,1
gaselektronik,1
ergebnisse,1
bbgpc,1
baaa,1
observatorios,1
tonantzintlatacubaya,1
bsaf,1
crimean,1
babel,1
buast,1
bsao,1
blgsp,1
geofizichno,1
bulgarsko,1
bltse,1
tsentralna,1
blspi,1
blmat,1
matematicheski,1
bltek,1
kibernetika,1
tekhnicheska,1
blgeo,1
geofizichni,1
bljph,1
bljmh,1
bcrao,1
bsrsl,1
buakk,1
station,1
bubih,1
lheure,1
horaire,1
bgeod,1
bcfht,1
canadafrancehawaii,1
bicds,1
bbsag,1
schweizerischen,1
bedeckungsveraenderlichenbeobachter,1
lyobu,1
bobeo,1
afoev,1
barb,1
bapss,1
polonaise,1
bmai,1
mainterne,1
astrophotographique,1
blgj,1
kiado,1
bott,1
friedr,1
vied,1
slovenskej,1
vydavatelstvo,1
veda,1
bratislava,1
bolme,1
boundarylayer,1
bond,1
bonner,1
bsvit,1
variabilisti,1
bldok,1
bolgarska,1
bmoe,1
ebro,1
mensual,1
biton,1
bimaf,1
astronomicafisica,1
bvvsa,1
vieweg,1
akademiai,1
sohn,1
teplomassoobmenu,1
teplomassoobmena,1
birm,1
brussels,1
bte,1
bjp,1
bjmsp,1
bjet,1
educational,1
bjap,1
bjps,1
bjhs,1
brwk,1
kraft,1
brennstoff,1
brjph,1
brazilian,1
btum,1
bfwsg,1
codata,1
coelum,1
emerging,1
monatsschrift,1
hydrographische,1
dgkgn,1
adjustment,1
dsgn,1
kommission,1
geodaetische,1
sterb,1
amateurastronomen,1
oesterreichs,1
sternenbote,1
waterloo,1
dssn,1
scuti,1
dsrmc,1
dsj,1
desce,1
dmj,1
defel,1
defek,1
defektoskopiia,1
dehyz,1
dphyg,1
dseg,1
diamond,1
displ,1
displays,1
dimte,1
disc,1
discover,1
dcmp,1
dirag,1
dpm,1
mashin,1
dinamikaprochnost,1
disis,1
dinamicheskie,1
dimen,1
dimensions,1
dsp,1
dnu,1
uravneniia,1
differentsial,1
drm,1
dsnpr,1
dsr,1
topical,1
ctp,1
cosse,1
search,1
cosre,1
cord,1
copre,1
copenhagen,1
cocom,1
corho,1
gainesville,1
rosemary,1
coste,1
tucson,1
coucl,1
catholique,1
copp,1
coper,1
clic,1
colic,1
covvo,1
course,1
sercrb,1
deaco,1
cracow,1
ddore,1
richmond,1
dtr,1
dalton,1
czmj,1
physicsczjpb,1
czjph,1
cysys,1
csci,1
ceyer,1
ccpce,1
contents,1
cap,1
cryrp,1
cryo,1
cryogenics,1
crssm,1
critical,1
crare,1
dse,1
dlgr,1
magnetofluiddyn,1
ellc,1
ell,1
jelco,1
elpro,1
ejtp,1
ejsed,1
elecm,1
eosd,1
jelen,1
eclrv,1
emps,1
elast,1
elastic,1
izmp,1
izmir,1
ege,1
etatf,1
matemaatika,1
fuusika,1
toimetised,1
elp,1
ellr,1
teaduste,1
bahnen,1
emc,1
evest,1
elektrotehniski,1
em,1
maschinenbau,1
elektrotechnik,1
etre,1
elektrosviaz,1
elmod,1
modelirovanie,1
elektronnoe,1
elta,1
elektronnaia,1
elek,1
elem,1
elektromekhanika,1
ee,1
elektromashinostroenieelektrooborudovanie,1
elbah,1
akadeemia,1
nsv,1
dlgrm,1
izdus,1
duroo,1
durham,1
dunre,1
dunop,1
pode,1
echt,1
dun,1
dudor,1
dorpo,1
post,1
dornier,1
daoar,1
dokpc,1
dokan,1
minerologia,1
doiap,1
doci,1
dlrna,1
dlr,1
donish,1
dyer,1
eesti,1
dyere,1
ebci,1
eerst,1
eersa,1
affairs,1
eoast,1
earthoriented,1
espl,1
landforms,1
esrv,1
eps,1
emp,1
epsl,1
eexsc,1
extraterrestrial,1
eaevs,1
dyato,1
dssys,1
dynco,1
dysys,1
cowat,1
csasg,1
periodico,1
comso,1
comst,1
cmpma,1
cmpen,1
compo,1
cmpst,1
covar,1
complex,1
compe,1
compel,1
crlrv,1
slovak,1
crlj,1
cphy,1
colon,1
colpl,1
coank,1
cotph,1
cpam,1
copde,1
partial,1
compositio,1
comat,1
compte,1
rendu,1
csed,1
cophr,1
cophc,1
cmame,1
compj,1
cgip,1
csma,1
coa,1
compm,1
cmmph,1
camp,1
crabs,1
bulgare,1
specifiee,1
crsph,1
genere,1
naturelle,1
dhistoire,1
seances,1
cnme,1
cnsns,1
simulations,1
comsp,1
comap,1
commp,1
cpmcm,1
chemicomedicae,1
physicomathematicae,1
commentationes,1
ctm,1
cofl,1
flame,1
cpc,1
colsu,1
colloids,1
colj,1
aesc,1
collection,1
coel,1
dellastronomia,1
divulgazione,1
bimestrale,1
coasp,1
commmunications,1
cmaph,1
hungary,1
coast,1
asteroseismology,1
canm,1
coalg,1
cest,1
gillies,1
costa,1
cooxf,1
coroe,1
corad,1
coddo,1
monap,1
departement,1
coorb,1
comrv,1
costm,1
cossc,1
combr,1
cokon,1
csl,1
cviu,1
cvgip,1
princeton,1
comcd,1
davis,1
fort,1
mcdonald,1
coioa,1
ioannina,1
cokwa,1
hida,1
cokit,1
peak,1
kitt,1
cokyo,1
codun,1
ireland,1
dublin,1
codao,1
cotok,1
cotol,1
interamerican,1
cmwci,1
copri,1
cocam,1
seriesastronomy,1
cobrn,1
brno,1
planetarium,1
conmx,1
cruces,1
las,1
colou,1
rouge,1
baton,1
cosks,1
coskl,1
coska,1
cowro,1
cowas,1
wisconsin,1
corut,1
columbia,1
rutherford,1
coath,1
tololo,1
cobos,1
cad,1
consc,1
cdt,1
temps,1
connaissance,1
cgdam,1
conformal,1
cocoi,1
observatonio,1
comunicacoes,1
comtr,1
comsat,1
comse,1
compu,1
comph,1
costr,1
cmwa,1
cg,1
cf,1
cee,1
cbr,1
connection,1
consiglio,1
cothe,1
laboratorio,1
thessaloniki,1
coarm,1
comil,1
astrononia,1
coasi,1
asiago,1
delluniversita,1
seriecoiab,1
seriecoiap,1
cmt,1
continuum,1
csr,1
continental,1
conph,1
confp,1
concp,1
concepts,1
cofra,1
frascati,1
bav,1
bamkv,1
balta,1
belorusskoi,1
fizicheskikhtekhnicheskikh,1
latviiskoi,1
vekaz,1
kazakhskoi,1
sogru,1
soobshcheniia,1
gruzii,1
dobel,1
ifbel,1
izaze,1
adphg,1
doaze,1
doarm,1
armianskoi,1
akatp,1
praktika,1
athenon,1
aeat,1
aire,1
apcaj,1
izlat,1
moldavskoi,1
izmol,1
dossr,1
fissr,1
tadzhik,1
dyushambe,1
dotad,1
vessr,1
kzsib,1
sibirskoi,1
sissr,1
tekhnicheskie,1
izsib,1
fimos,1
fizikiastronomii,1
obshchei,1
messr,1
izssr,1
izfz,1
inssr,1
investiia,1
fizao,1
aiint,1
afma,1
force,1
aerst,1
aeq,1
aej,1
aeibu,1
izsledvaniialgariia,1
aerokosmicheski,1
aerte,1
aerojet,1
aerag,1
aekv,1
kanalovventiliatorov,1
attm,1
adwr,1
adtmp,1
adspr,1
adssp,1
adrs,1
adpos,1
adppr,1
adplp,1
aesij,1
aeam,1
airco,1
aech,1
cosmos,1
airsp,1
aiasj,1
student,1
aiaaj,1
ai,1
agusm,1
agufm,1
afrsk,1
afgl,1
environemental,1
afgltr,1
aero,1
arbl,1
aemed,1
aemat,1
aeen,1
aedy,1
aecm,1
abtad,1
turkmenskoi,1
khimicheskikhgeologicheskikh,1
anmet,1
anp,1
anmun,1
anrev,1
rev,1
csmpa,1
aaopr,1
aaonw,1
anain,1
anach,1
anbio,1
ana,1
analyst,1
aicsp,1
analog,1
ancoi,1
anais,1
amsci,1
ammin,1
mineralogist,1
anwie,1
anlei,1
amjsa,1
anap,1
anrio,1
anstr,1
anpob,1
anpar,1
annic,1
anbor,1
anbes,1
aotok,1
antou,1
anihp,1
poincare,1
henri,1
ang,1
assb,1
scietifique,1
aflb,1
broglie,1
louis,1
fondation,1
amsbu,1
amjs,1
iztur,1
akustikaul,1
akusticheskii,1
venav,1
tekhnichnykh,1
seryia,1
vestsi,1
izuzb,1
matematicheskikh,1
douzb,1
mgukr,1
ukrainskoi,1
viukr,1
visnik,1
doukr,1
prukr,1
prirodoznavstvo,1
izukr,1
fiukr,1
skoi,1
ukrain,1
akzh,1
trazvukovaia,1
amjph,1
aktek,1
amjm,1
amjc,1
cardiology,1
ahsj,1
helicopter,1
jachs,1
acsj,1
acsc,1
acsb,1
avsor,1
avsoq,1
avsom,1
avsoa,1
afre,1
elettronica,1
alfr,1
aaizn,1
ata,1
alma,1
adphy,1
adnup,1
baltic,1
applicandae,1
acaps,1
acas,1
supplementa,1
acasn,1
aca,1
acaau,1
acarm,1
armamentarii,1
acam,1
acaas,1
admum,1
acaer,1
aerodynamica,1
acacu,1
acoul,1
asaj,1
aphy,1
aih,1
holography,1
anlar,1
acaus,1
scientarium,1
acbas,1
acbbh,1
acha,1
astronomiae,1
historica,1
acgep,1
polonica,1
acfre,1
acels,1
acele,1
acelc,1
electrochimica,1
sectionaccrc,1
sectionaccrb,1
sectionaccra,1
acc,1
cosmologica,1
seriesaccs,1
acbio,1
biotheoretica,1
acbbs,1
anlaf,1
fisichenaturali,1
anlam,1
internet,1
fennica,1
abhkp,1
jahre,1
preuss,1
konigl,1
abh,1
abboo,1
abbadia,1
abaob,1
astrofizicheskaia,1
abastumanskaia,1
spd,1
aassolar,1
aashistorical,1
head,1
aashigh,1
dda,1
dps,1
aaspb,1
asfas,1
aoij,1
matematicaapplicazioni,1
seriesciences,1
asllr,1
chimichegeologiche,1
matematiche,1
lombardo,1
scienzelettere,1
assab,1
serbe,1
mearb,1
crasa,1
semester,1
academique,1
crasm,1
crasp,1
astrophysique,1
crasg,1
generale,1
cras,1
deunivers,1
crasb,1
materiae,1
compositae,1
acmcs,1
adamp,1
adaa,1
adapm,1
adaes,1
adtph,1
texts,1
asdhe,1
adsmp,1
adsac,1
apm,1
amp,1
adcol,1
adcm,1
adsor,1
adsorption,1
arpm,1
rasplavovpaika,1
adgeziia,1
adbeh,1
adas,1
adats,1
aamop,1
acu,1
adbmp,1
admps,1
admat,1
adiep,1
adg,1
adges,1
adgeo,1
adgr,1
adgdp,1
adexg,1
aeeps,1
adeep,1
adeoa,1
oriented,1
adeps,1
adcom,1
adchp,1
adcp,1
cardiovascular,1
adbio,1
ad,1
apec,1
acmat,1
apash,1
acphy,1
acors,1
orthopaedica,1
acops,1
acods,1
odontologica,1
acnum,1
numerica,1
acmes,1
meteorologica,1
acmms,1
acmm,1
acmet,1
acmss,1
solida,1
acmsn,1
acmec,1
acmah,1
acma,1
hungaricae,1
acpha,1
passive,1
acpas,1
active,1
acmps,1
acmph,1
actec,1
technica,1
seriesassfa,1
assf,1
acpsp,1
acpsc,1
acphs,1
physiologica,1
acpsl,1
slovaca,1
acpsn,1
polonicaacppb,1
polonicaacppa,1
aphhi,1
acphh,1
acphc,1
dathènes,1
anath,1
anob,1
herald,1
uclap,1
angeles,1
california,1
usnoa,1
anote,1
sweden,1
gothenburg,1
aj,1
asthe,1
adcbu,1
anobn,1
adass,1
tamco,1
tampa,1
acman,1
manchester,1
acich,1
usnom,1
aat,1
atel,1
register,1
areg,1
assa,1
avest,1
ans,1
migoe,1
mizur,1
sternwarterich,1
eidenössischen,1
abkie,1
christianalbrechtsuniversitaet,1
absbe,1
abmun,1
dersternwarte,1
angestellt,1
aaham,1
ar,1
kazob,1
atsir,1
astronomicheskij,1
azh,1
aviss,1
solnechnoi,1
telegram,1
asnau,1
astronautik,1
assembly,1
atjam,1
atjva,1
atjtu,1
atjtr,1
atjse,1
atjlt,1
atjht,1
atjfe,1
atjen,1
atjeg,1
atjel,1
controlatjds,1
atjem,1
perspectives,1
ashra,1
ashrae,1
quantph,1
nuclth,1
nuclex,1
atjep,1
asaut,1
asaer,1
alpoj,1
asacs,1
asac,1
aubas,1
aafz,1
astrometriiaastrofizika,1
afz,1
astrofizika,1
aisof,1
aisao,1
asbio,1
stnws,1
standardization,1
astm,1
avsvb,1
osservatori,1
veneta,1
atmas,1
session,1
atmab,1
astronomischer,1
jahresbericht,1
aja,1
actap,1
aumsj,1
ajsr,1
ausra,1
researchphysical,1
aujpa,1
aujph,1
ajch,1
aujce,1
aurph,1
auroral,1
avet,1
energetikatekhnologiia,1
vodorodnaia,1
atomno,1
aten,1
atomnaia,1
atst,1
atomisation,1
atphy,1
aumm,1
autom,1
aterv,1
autonomous,1
bbusm,1
bbuss,1
avtme,1
avtometriia,1
avpe,1
elektronike,1
proektirovaniia,1
avtomatizatsiia,1
avtel,1
avtomatikatelemekhanika,1
avtek,1
aviatsionnaia,1
avkos,1
aviatsiiakosmonavtika,1
avwst,1
week,1
avsem,1
aurob,1
robots,1
amop,1
adndt,1
seriemiari,1
aplc,1
apj,1
apinv,1
apnr,1
aph,1
aaspp,1
astrononomy,1
arep,1
astq,1
astl,1
aexpr,1
aedrv,1
adil,1
aarv,1
aaa,1
astap,1
aa,1
astro,1
ati,1
seriemiarb,1
apjs,1
ap,1
atmte,1
asprv,1
atscl,1
atsc,1
atmre,1
atmen,1
acpd,1
acp,1
ato,1
atmos,1
atlvs,1
peremennykh,1
kart,1
poiskovykh,1
atttj,1
attechnical,1
asana,1
asymptotic,1
arbei,1
mkatl,1
apsss,1
nlin,1
mathph,1
hepth,1
antarktika,1
anmn,1
iora,1
pelo,1
publicado,1
annuario,1
assu,1
arcp,1
arpc,1
arnps,1
anrms,1
anrfm,1
anre,1
areps,1
araa,1
winar,1
windsor,1
mmaar,1
mitchell,1
maria,1
amr,1
antk,1
yalar,1
antenny,1
apmal,1
apmac,1
apmat,1
apmf,1
apenm,1
apen,1
acesj,1
apcm,1
apai,1
apac,1
apma,1
appan,1
applicable,1
apei,1
apeiron,1
apkf,1
kol,1
apan,1
anten,1
arkod,1
winchester,1
edition,1
ancap,1
java,1
ansao,1
antec,1
tectonicae,1
andea,1
angeb,1
seriesterrestrial,1
angea,1
seriesupper,1
angeo,1
angvp,1
longitudes,1
antel,1
anpcs,1
colloque,1
anpbm,1
medicale,1
anph,1
anbru,1
anbos,1
andud,1
astronomer,1
anism,1
ansci,1
ancgh,1
hope,1
good,1
anree,1
anphy,1
anor,1
anmai,1
anmat,1
anhar,1
angag,1
agp,1
antok,1
anedi,1
anoll,1
anlun,1
anll,1
anlow,1
anips,1
english,1
apmam,1
hepph,1
termodynamikispalania,1
spalania,1
procesow,1
armes,1
arele,1
elektrotechniki,1
arbum,1
budowy,1
araut,1
automatykitelemechaniki,1
araku,1
akustyki,1
arcom,1
combustionis,1
archivum,1
armam,1
aipbb,1
biochimie,1
physiologie,1
internationales,1
arpsp,1
artsp,1
seriestheoretical,1
arctic,1
phenomenology,1
heplat,1
lattice,1
hepex,1
grqc,1
condmat,1
cs,1
astroph,1
artsa,1
armol,1
ara,1
astronomi,1
arkiv,1
armaf,1
fys,1
astr,1
ark,1
aaar,1
alpine,1
amgbb,1
amgba,1
apmao,1
ecosystems,1
conservation,1
apsup,1
apsrv,1
apspe,1
apscr,1
apphl,1
apphc,1
apppl,1
physicsphotophysics,1
apphb,1
physicslasers,1
appha,1
physicsmaterials,1
apphy,1
apopt,1
apnm,1
apmt,1
apmic,1
apmrv,1
freshwater,1
acmfe,1
atmopsheric,1
arabian,1
seriesmeteorology,1
ars,1
araco,1
arbb,1
arrma,1
rational,1
ahes,1
arapm,1
amgbs,1
amgbk,1
strahlungsforschung,1
umweltmeteorologie,1
serieklimatologie,1
arelu,1
uebertragungstechnik,1
archa,1
archaeometry,1
archs,1
ajse,1
emct,1
ebbt,1
komme,1
silicate,1
operational,1
jlms,1
jiete,1
jimia,1
jiisb,1
sectionphysical,1
jels,1
electrochemical,1
jcss,1
jbis,1
short,1
jbas,1
jbaa,1
jasv,1
jaseg,1
egypt,1
jawra,1
jasce,1
jasis,1
jams,1
jors,1
josa,1
jpcm,1
jrasa,1
jair,1
jas,1
jaer,1
jafes,1
jaerp,1
jaere,1
jaers,1
jae,1
emission,1
acoustic,1
jwasa,1
jsrp,1
jrssd,1
statistician,1
seriesthe,1
jrcse,1
surgeons,1
jrasn,1
jrasc,1
javso,1
jaavso,1
jasja,1
jmect,1
jmec,1
jcppc,1
physicochimie,1
jcp,1
jaco,1
rsnsw,1
jhatd,1
hopkins,1
johns,1
jbre,1
jban,1
jbasp,1
jenrv,1
jmeop,1
jemna,1
jsmaj,1
application,1
jasma,1
jjaps,1
jmeca,1
jmtas,1
jnire,1
jphys,1
nire,1
jram,1
reine,1
jhas,1
jha,1
jop,1
jaf,1
francais,1
astronomes,1
jreat,1
atmospheriques,1
jphyl,1
lettres,1
iv,1
iii,1
physiquejphy,1
jpr,1
radium,1
le,1
jalg,1
algebraic,1
jalgc,1
jcsc,1
chromatography,1
jchs,1
chromatographic,1
jchth,1
jchph,1
jched,1
jcat,1
jbmn,1
jbibi,1
biomecanique,1
jbbc,1
cytology,1
jbnmr,1
nmr,1
biomolecular,1
jbo,1
jbiom,1
biomechanics,1
jbp,1
jch,1
jcli,1
biomembranes,1
jcam,1
jcm,1
jcoch,1
jcob,1
jcoam,1
jca,1
jctr,1
jcoma,1
jcomp,1
complexity,1
jcom,1
seriesjctb,1
seriesjcta,1
jcis,1
jcsct,1
jcs,1
cluster,1
jclp,1
pharmacology,1
jclim,1
jbb,1
bioenergetics,1
jalgo,1
asian,1
approximation,1
japs,1
japsp,1
jase,1
japh,1
jap,1
jape,1
japme,1
japmw,1
jamtp,1
jag,1
japel,1
electrochemistry,1
japcr,1
jaas,1
jacs,1
jallc,1
compounds,1
alloys,1
japt,1
jaesc,1
jbbm,1
astronautical,1
jball,1
ballistics,1
jaur,1
reasoning,1
automated,1
jaugg,1
jaes,1
audio,1
jats,1
jatc,1
jatp,1
jatot,1
japas,1
japa,1
jass,1
jahh,1
heritage,1
jad,1
jansc,1
jjapr,1
regular,1
jcon,1
ijtje,1
elektronische,1
internationale,1
isbrv,1
irpc,1
irnp,1
irh,1
hydrobiology,1
imerv,1
imrv,1
engines,1
lettersjjapl,1
jet,1
turbo,1
ijt,1
ijtp,1
ijsys,1
ijsca,1
supercomputer,1
ijssd,1
ijss,1
ier,1
ipnpr,1
inventiones,1
inmat,1
isjt,1
ipbs,1
isotopes,1
iherv,1
harima,1
ishikawajima,1
isat,1
isap,1
irajs,1
iraj,1
irjst,1
iranian,1
iono,1
ionis,1
infiz,1
inzhenerno,1
igeo,1
invpr,1
inverse,1
ijse,1
ijsed,1
ijsc,1
ijnlm,1
ijn,1
nanoscience,1
ijmf,1
multiphase,1
physicsijmpe,1
physicsijmpd,1
physicsijmpc,1
physicsijmpb,1
physicsijmpa,1
ijmos,1
ijmm,1
microcomputers,1
mini,1
ijms,1
ijm,1
ijmes,1
ijmsi,1
ijics,1
ijimw,1
ijns,1
ijnop,1
ijrr,1
ijnmh,1
ijrs,1
ijrqs,1
safety,1
ijrb,1
ijrai,1
tracks,1
instrumentationnuclear,1
ijqc,1
ijpr,1
production,1
ijpg,1
population,1
ijpm,1
polymeric,1
ijp,1
plasticity,1
ijpes,1
ijprs,1
ijoms,1
issrt,1
isro,1
iscjs,1
jahnschentliche,1
nikolaevskoi,1
izviestiia,1
izrad,1
izavt,1
aviatsionnaya,1
izpse,1
izkry,1
krymskoj,1
znameni,1
krasnogo,1
trudovogo,1
izane,1
institutaneb,1
fizicheskiya,1
na,1
izpul,1
izkie,1
izaop,1
izkaz,1
iznic,1
unterhaltungenr,1
engelgardt,1
dilettanten,1
jajap,1
jsps,1
promotion,1
jsmsj,1
jslej,1
jscmj,1
jsapj,1
jsast,1
jsasj,1
jsass,1
jaimj,1
jasac,1
study,1
jre,1
radioaktivitund,1
jwudf,1
witterungskunde,1
georgraphie,1
freunde,1
obskoj,1
izalm,1
iz,1
intsf,1
itcj,1
itc,1
iina,1
navigazione,1
serieisrvc,1
isjap,1
ist,1
issues,1
iskz,1
solntsakrasnykh,1
issup,1
uprugostiplastichnosti,1
ismtd,1
sred,1
dvukhfaznykh,1
mekhaniketeploobmenu,1
igafs,1
isszk,1
kosmosa,1
intsa,1
kosmicheskogo,1
izarm,1
prostranstva,1
armyanskoi,1
izash,1
ashkhabad,1
turkmenskoj,1
izgla,1
rossiiskoi,1
izsf,1
iuenn,1
iueen,1
itutj,1
itu,1
intsv,1
vozdushnyi,1
intss,1
intsr,1
intso,1
intmk,1
meteorologiiaklimatologiia,1
intsi,1
neuroscience,1
jcoph,1
encyclopedia,1
jrsct,1
jsedt,1
jrlr,1
jros,1
jrheo,1
rheology,1
sciencesjresb,1
sectionmathematical,1
jrted,1
jrnbs,1
jres,1
jota,1
jrpc,1
plastics,1
reinforced,1
jrsp,1
raman,1
jrp,1
jrac,1
jrnc,1
jqs,1
jsted,1
jscom,1
jsci,1
jsipi,1
jscs,1
jspt,1
jspro,1
rockets,1
jsar,1
jslr,1
jsaes,1
jsv,1
sound,1
jsch,1
solution,1
jssch,1
jsgst,1
solgel,1
jshr,1
ship,1
jsgeo,1
jseis,1
jsr,1
jqsrt,1
radiative,1
jqt,1
jphcs,1
jphc,1
physicssolid,1
jphb,1
physicsatomic,1
jpcs,1
jpha,1
physicsmathematical,1
jpo,1
chemistryjpcb,1
jphch,1
chemistryjpca,1
jpcc,1
jpcrd,1
jpet,1
jpdc,1
jpal,1
paleontology,1
jor,1
rehabilitation,1
jpc,1
physicsapplied,1
jpaps,1
jphd,1
jprch,1
protein,1
jpt,1
jpp,1
jpas,1
jps,1
jpmat,1
jposb,1
jposa,1
jplph,1
jphsg,1
jpteo,1
jpe,1
jphgs,1
jphg,1
jphf,1
physicsmetal,1
jphe,1
physicsscientific,1
jsmte,1
jsp,1
jsta,1
naukova,1
kipme,1
energetike,1
modelirovaniia,1
problem,1
kiinm,1
kiinf,1
kvnt,1
kibernetikavychislitel,1
khpl,1
kttm,1
toplivmasel,1
khimiiatekhnologiia,1
khari,1
kext,1
tongbao,1
kexue,1
kernr,1
nucl,1
results,1
kizim,1
dumka,1
kernforschungsanlage,1
kiind,1
kometymeteory,1
kodre,1
kodob,1
klber,1
kleinheubacher,1
kvebb,1
kizs,1
shtiintsa,1
kishinev,1
kicat,1
kinetics,1
kfnts,1
kfnt,1
kiepr,1
astronomicheskaya,1
shevchenko,1
kievskij,1
kizvs,1
kiizt,1
res,1
meere,1
jsaed,1
jve,1
jvst,1
jturb,1
jthcm,1
thermoplastic,1
jtht,1
jthst,1
stresses,1
jtst,1
jtac,1
calorimetry,1
jtbio,1
jteev,1
jtech,1
jteph,1
jsymc,1
symbolic,1
jsup,1
jsm,1
jsg,1
jvc,1
jvcir,1
mees,1
jvgr,1
kenneth,1
kizku,1
kazanskogo,1
gror,1
mmkmo,1
kakioka,1
kkr,1
ronbunshu,1
kogaku,1
kagaku,1
jsmet,1
jsmej,1
jsmeb,1
rpsct,1
jxst,1
xray,1
jwmse,1
minorities,1
women,1
joms,1
joptb,1
jcoss,1
jg,1
jgrb,1
jgre,1
jgrc,1
jgrf,1
jgrd,1
jgr,1
jgp,1
jggs,1
jgg,1
jgs,1
opticsquantum,1
geographical,1
jgeo,1
geodynamics,1
jgeod,1
jfua,1
jflu,1
fluorescence,1
jfs,1
jfm,1
jgra,1
jgrs,1
jge,1
jgzg,1
jimss,1
jirs,1
jieq,1
jimw,1
jist,1
jhyn,1
hydronautics,1
jhyd,1
jhsn,1
jhepc,1
jhep,1
jhenp,1
jheu,1
heuristics,1
jgcd,1
jguc,1
jgo,1
jglac,1
glaciology,1
jfc,1
jff,1
flammability,1
jewa,1
electroceramics,1
jeeea,1
jelas,1
elasticity,1
jdde,1
jdcs,1
jdso,1
double,1
jdst,1
dispersion,1
jodi,1
jde,1
jdr,1
dairy,1
jcrgr,1
growth,1
crystal,1
jcap,1
jcamd,1
jelec,1
jemt,1
jfin,1
jesrp,1
jexb,1
botany,1
jetpl,1
letteres,1
jenvs,1
jeem,1
jengs,1
jept,1
jep,1
jeer,1
jeth,1
jengm,1
jenma,1
jeas,1
jener,1
jelm,1
jemat,1
jei,1
jecs,1
knot,1
ramifications,1
jktr,1
neurochemistry,1
jnav,1
jnr,1
nanoparticle,1
jma,1
multivariate,1
jmost,1
jmosp,1
jmole,1
jmoel,1
jmbio,1
jmop,1
jmic,1
jmimi,1
microengineering,1
micromechanics,1
microsystems,1
microfabrication,1
microlithography,1
jmems,1
jneng,1
jneur,1
jmnb,1
neurooncology,1
jopta,1
opticspure,1
jopt,1
joptt,1
joc,1
jnt,1
number,1
jnum,1
jnue,1
jns,1
jnopm,1
jnmp,1
jne,1
jnlm,1
jnet,1
equilibrium,1
jncs,1
crystalline,1
jno,1
microelectromechanical,1
jmpso,1
jkas,1
jmes,1
magnetism,1
jmagr,1
jmmsr,1
jmmsp,1
jmsc,1
partreviews,1
jmsb,1
partphysics,1
jlum,1
luminescence,1
jltp,1
jlwt,1
jlven,1
light,1
jlcm,1
common,1
jlasa,1
jlcme,1
jkps,1
jms,1
jmch,1
jmbm,1
jmpms,1
jmece,1
jmaph,1
jmso,1
sociology,1
jmasc,1
jmpsy,1
jmp,1
jmiv,1
jmfm,1
jmach,1
jmps,1
jmaa,1
jmsp,1
synthesis,1
jmsmm,1
jmsl,1
jmsme,1
jmats,1
jmatr,1
ijie,1
ijist,1
ijig,1
geo,1
geod,1
dedicata,1
geometriae,1
gml,1
geomarine,1
geois,1
geomagnitnye,1
geae,1
geomagnetizmaeronomiia,1
gsamm,1
opticheskoi,1
memoir,1
gsamb,1
geosj,1
geom,1
geolj,1
geokh,1
geokhimiia,1
geoab,1
serieshuman,1
geomicrobiology,1
geomj,1
geomorphology,1
geomo,1
geosc,1
geore,1
geoom,1
monogram,1
gam,1
geop,1
geosu,1
georl,1
geopr,1
references,1
geopp,1
prospecting,1
geoji,1
geoj,1
gds,1
gapfd,1
geonr,1
gege,1
geoph,1
geoaa,1
geozh,1
geosb,1
gpb,1
gemin,1
gemini,1
gelio,1
geliotekhnika,1
gecjr,1
gec,1
gazt,1
gazodinamikateploobmen,1
gvpoo,1
geb,1
games,1
gcnew,1
galactic,1
futur,1
future,1
fcph,1
ftp,1
theories,1
oops,1
gha,1
gregr,1
acgeo,1
genetica,1
geodinamica,1
geok,1
geodezjakartografia,1
gekaa,1
kartografiiaaerofotos,1
gekar,1
geodeziiakartografiia,1
geaer,1
geodeziiaaerofotos,1
gecas,1
gecoa,1
ggg,1
geosystems,1
geoch,1
geocj,1
geochemical,1
geoin,1
geocarto,1
gen,1
geosn,1
trgrc,1
geothermics,1
hams,1
ls,1
sternw,1
halre,1
hale,1
gici,1
tauri,1
rv,1
graeh,1
grumman,1
grio,1
observer,1
griffith,1
gcn,1
coordinates,1
grb,1
grton,1
nosti,1
otnositel,1
gravitatsiiateoriia,1
bsd,1
haag,1
graphical,1
hbp,1
htren,1
hmt,1
heaph,1
health,1
harre,1
harpa,1
harci,1
bharo,1
harar,1
harac,1
card,1
announcement,1
harzi,1
harthaer,1
hdp,1
hda,1
hpcre,1
hplph,1
hge,1
gmip,1
gpsw,1
geoth,1
multigrid,1
datenverarbeitung,1
gamum,1
workshop,1
gmmwj,1
jahrestagung,1
gatan,1
anwendung,1
technik,1
naturwissenschaft,1
aerosole,1
aerosolforschung,1
gul,1
veraenderlichen,1
lichtwechsel,1
geschichte,1
gbzg,1
gerlands,1
geot,1
geotimes,1
mbh,1
gmud,1
gps,1
gibridnye,1
glore,1
gbioc,1
biogeochemical,1
gpc,1
change,1
glmaj,1
glasgow,1
gtpz,1
zabolevaniia,1
trudaprofessional,1
gigiena,1
gisan,1
gigienasanitariia,1
gigi,1
gidroprivodgidropnevmoavtomatika,1
gidro,1
gidromekhanika,1
gvmk,1
mashinykompleksy,1
pamiatisredy,1
osnovy,1
ijhy,1
epjap,1
esob,1
eso,1
esoar,1
esn,1
eurv,1
epje,1
epjd,1
epjc,1
epjb,1
epja,1
fanp,1
ejph,1
ejms,1
ejmf,1
mechanicsfluids,1
ejee,1
ejc,1
ejbio,1
ejam,1
ebioj,1
preprints,1
esosp,1
esosr,1
ettrt,1
pmtv,1
montevideo,1
republica,1
humanidadesciencias,1
extr,1
extraction,1
exfl,1
experiments,1
extfs,1
ext,1
exmps,1
exm,1
exht,1
eeyer,1
exa,1
exosa,1
exosat,1
el,1
europhysics,1
erst,1
ecss,1
coastal,1
enapc,1
entropie,1
centp,1
enop,1
enfm,1
engco,1
computations,1
engan,1
enuk,1
entr,1
ens,1
ecm,1
enc,1
enat,1
atomtechnika,1
energia,1
energ,1
endvr,1
endeavour,1
eaa,1
entro,1
eneng,1
estuarine,1
enp,1
essph,1
esast,1
esaj,1
esabu,1
ergo,1
ergonomics,1
etds,1
ergodic,1
anerg,1
ergaenzungshefte,1
eprij,1
epri,1
eostr,1
eos,1
env,1
environmentrics,1
etwq,1
entox,1
enst,1
fatr,1
ffems,1
feinwerktechnik,1
franklin,1
foph,1
fogeo,1
fotointerpretacjageografii,1
fier,1
fi,1
fbp,1
bioproducts,1
food,1
fluq,1
fluidika,1
flmsr,1
fmag,1
fldyt,1
fldyr,1
fldy,1
frfi,1
flugwelt,1
flug,1
fnl,1
fphl,1
frinj,1
fcre,1
frequenz,1
finfo,1
informaticae,1
fundamenta,1
facm,1
mathematici,1
commentarii,1
approximatio,1
functiones,1
faap,1
fst,1
fullerene,1
fstj,1
fujitsu,1
izfru,1
ilim,1
frunze,1
frphc,1
frphy,1
freq,1
fluctuation,1
fliin,1
fm,1
fizikakhimiia,1
goreniiavzryva,1
fizikafizb,1
fizas,1
aerodispersnykh,1
fizikafiza,1
fiz,1
fimek,1
fizel,1
fibr,1
break,1
femik,1
mikrotechnika,1
finommechanika,1
fiopt,1
fiio,1
fbs,1
fewbody,1
ferls,1
fer,1
fizgv,1
obrabotki,1
flight,1
fizko,1
fizch,1
fizykichemii,1
fizkm,1
khimicheskaia,1
fizat,1
fizzs,1
sostoianiia,1
zhidkogo,1
fiztt,1
fizpl,1
fiznt,1
nizkikh,1
fizms,1
mnogochastichnykh,1
fizmm,1
metallovmetallovedenie,1
fiztv,1
davlenii,1
fizikatekhnika,1
htjr,1
htsr,1
helgoland,1
ipm,1
ingenieria,1
ingeg,1
ingegneria,1
inpht,1
infph,1
ira,1
ibvs,1
ibsh,1
hemisphere,1
infd,1
hmr,1
infco,1
inco,1
idaqp,1
dimensional,1
infinite,1
iumj,1
insap,1
injtp,1
ijrsp,1
aeronauticaastronautica,1
iaa,1
ingenieur,1
ingar,1
astronomiafisica,1
iete,1
ierej,1
ieep,1
ieaee,1
oslr,1
blindern,1
ipasa,1
jiece,1
sectionenglish,1
infuj,1
fuel,1
trita,1
itab,1
irmbp,1
ialk,1
lausanne,1
inch,1
inorganic,1
ijpap,1
injps,1
sectionb,1
iasap,1
aryabhata,1
icse,1
imepk,1
multibody,1
imepi,1
imeph,1
imepg,1
imepe,1
process,1
imepd,1
automobile,1
imepc,1
imepb,1
manufacture,1
imepa,1
ijna,1
japma,1
iesj,1
ies,1
proj,1
ineps,1
sectioninjpb,1
inms,1
sectioninjpa,1
injp,1
cultivation,1
assocatiation,1
ijmhg,1
injme,1
injet,1
injbb,1
injae,1
itjse,1
insst,1
overview,1
inisa,1
aeronomical,1
inisj,1
iiapn,1
ines,1
sectionengineering,1
inasp,1
iafet,1
itobu,1
venezolano,1
damage,1
ijcv,1
sectionijcms,1
ijcfd,1
ijces,1
ijcli,1
ijbm,1
biometeorology,1
ijbc,1
bifurcation,1
ijap,1
ijasb,1
ijape,1
ijaeo,1
geoinformation,1
ijaem,1
modal,1
ijaa,1
adhesives,1
adhesion,1
ijc,1
ijdm,1
ijrpc,1
ijeas,1
hyperthermia,1
ijhe,1
hydrogen,1
ijhm,1
hybrid,1
ijhse,1
ijhsc,1
ijhmt,1
ijhff,1
ijga,1
aeronomy,1
ijgs,1
ijfe,1
ijfr,1
ijfa,1
ijes,1
ijefm,1
ijer,1
ije,1
ijacs,1
ijnmf,1
merida,1
free,1
isrv,1
arij,1
intsm,1
inter,1
infer,1
icae,1
itsf,1
functions,1
transforms,1
intac,1
conie,1
inta,1
inmpp,1
inmp,1
inlop,1
lotnictwa,1
iet,1
merre,1
venezuela,1
interfaces,1
boundaries,1
ijnme,1
ifb,1
ijnam,1
geomechanics,1
ijcem,1
ingeo,1
irph,1
switzerland,1
zurich,1
ichmt,1
iauc,1
iappp,1
photometry,1
photoelectric,1
amateurprofessional,1
iant,1
ipauc,1
ved,1
ceskoslovenske,1
ustav,1
interkosmos,1
transactionsieice,1
ieice,1
itvt,1
jmoa,1
icarus,1
icaob,1
icao,1
ibmj,1
ibm,1
bsmt,1
tehnica,1
bsmmt,1
teoretica,1
bseea,1
automatizari,1
electrotehnica,1
iaiaf,1
iakutskii,1
iakutsk,1
iaden,1
iadernaia,1
hyint,1
hyperfine,1
icar,1
jssed,1
hess,1
proceedingselectric,1
ippsm,1
ipopt,1
proceedingsoptoelectronics,1
ipmoa,1
ipmap,1
iprsp,1
proceedingsradar,1
ipcrs,1
ipcrp,1
ipcdt,1
proceedingscomputers,1
ipcta,1
proceedingscontrol,1
ipcsv,1
ipgtd,1
distribution,1
transmission,1
proceedingsgeneration,1
ipepa,1
hessd,1
hypr,1
ieerv,1
hgeo,1
hia,1
highlights,1
hthp,1
pressures,1
temperatures,1
htems,1
hitec,1
hpr,1
pressure,1
hpp,1
hepnp,1
hech,1
hemd,1
dampkring,1
hemel,1
helob,1
helwan,1
achph,1
achch,1
hspbs,1
hufeb,1
hydrological,1
hufem,1
hydj,1
hydrogeology,1
hvaob,1
hvar,1
hgt,1
therapy,1
gene,1
human,1
hchy,1
hydrofoil,1
craft,1
hovering,1
lhbl,1
blanche,1
houille,1
hwp,1
hbb,1
holz,1
holzforschung,1
ipsse,1
iaesm,1
vehicular,1
itns,1
itmtt,1
itmi,1
itm,1
magnetics,1
itim,1
itit,1
itia,1
itiec,1
itie,1
itip,1
itge,1
itgrs,1
item,1
itenc,1
ited,1
itelc,1
compatibility,1
itei,1
itedu,1
itnn,1
parts,1
dielectrics,1
itphp,1
ituff,1
frequency,1
itsmc,1
man,1
itsu,1
sonics,1
itse,1
itsp,1
semiconductitsm,1
itstq,1
itra,1
itr,1
itpe,1
itpd,1
delivery,1
itpas,1
apparatus,1
itps,1
itpam,1
itdei,1
itcmp,1
iapm,1
ilcsm,1
ijsac,1
areas,1
ijssc,1
ijra,1
ijqe,1
ijoe,1
ijlt,1
iexp,1
expert,1
iedl,1
device,1
idtc,1
test,1
icsm,1
icga,1
icomm,1
icism,1
iassp,1
assp,1
lcs,1
lts,1
itcad,1
ilts,1
aided,1
itchm,1
itcom,1
itcs,1
itb,1
itbe,1
itac,1
itas,1
itap,1
itaes,1
itass,1
ieees,1
ispm,1
ispl,1
ieeep,1
iptl,1
ieeen,1
imgwl,1
guided,1
zprav,1
