,Chemical.txt
chem,260
chemistry,150
sci,140
science,108
materials,94
mater,90
chemical,88
technol,72
phys,72
eng,68
acta,66
engineering,63
res,60
international,59
technology,57
biochem,50
research,49
rev,48
physics,45
applied,43
soc,41
lett,39
polym,38
biol,37
adv,37
molecular,36
biochemistry,35
environ,35
ser,34
letters,33
society,32
polymer,31
environment,31
appl,29
biotechnol,28
reviews,27
physical,27
advances,27
toxicol,26
anal,26
progress,26
prog,25
mol,24
process,24
int,23
toxicology,23
bulletin,23
organic,23
biotechnology,23
bull,22
microbiol,21
commun,20
med,20
des,20
biology,20
inorganic,20
sciences,20
drug,20
mass,20
state,19
communications,19
food,19
methods,19
solid,18
microbiology,18
water,18
pharmacology,18
met,17
metall,17
nuclear,17
cell,17
analytical,17
biochemical,17
chemie,17
chim,17
health,16
european,16
pharmacol,16
trans,16
review,16
processing,15
environmental,15
high,15
inorg,15
transactions,15
fur,15
series,15
spectrosc,15
new,15
heat,15
struct,14
surf,14
energy,14
compos,14
american,14
org,14
zeitschrift,13
powder,13
opt,13
tech,13
spectroscopy,13
london,12
interface,12
asi,12
catal,12
canadian,12
synthesis,12
surface,12
industrial,12
arch,12
nato,12
metallurgy,12
spectrom,12
colloid,11
chromatogr,11
transfer,11
annu,11
ceram,11
biological,11
nucl,11
reports,11
composites,11
medicinal,11
advanced,11
protein,11
annual,11
archives,11
physiol,10
ind,10
analysis,10
rep,10
pharm,10
fluids,10
glass,10
data,10
khim,10
current,10
processes,10
curr,10
metals,10
catalysis,10
cryst,10
waste,10
topics,9
nat,9
zhurnal,9
separation,9
magn,9
spectrometry,9
zh,9
manage,9
related,9
chimica,9
natural,9
macromolecular,9
crystallogr,9
indian,9
sect,9
chinese,8
russian,8
resonance,8
reson,8
cimento,8
design,8
magnetic,8
plasma,8
react,8
mech,8
fems,8
clinical,8
polymers,8
composite,8
pharmaceutical,8
matter,8
plant,8
diamond,8
synth,8
electron,8
fusion,8
lab,8
sep,8
lipid,8
experimental,8
biophys,8
mining,7
optics,7
und,7
fluid,7
min,7
inst,7
electrochem,7
physiology,7
syst,7
geochem,7
enzyme,7
compd,7
trace,7
exp,7
comput,7
relat,7
bioorganic,7
symposium,7
acs,7
quimica,6
quim,6
thermal,6
radiation,6
radiat,6
angewandte,6
dev,6
edition,6
angew,6
ed,6
elem,6
ann,6
di,6
medicine,6
clin,6
acad,6
phase,6
mechanics,6
ceramics,6
oil,6
crit,6
carbohydrate,6
discovery,6
management,6
et,6
pure,6
macromol,6
modern,6
papers,6
prod,6
perkin,6
critical,6
elements,6
jsme,6
metal,6
la,6
marine,6
th,6
mar,6
royal,6
trends,6
khimii,6
chromatography,6
fuel,6
ceramic,6
metallurgical,6
today,6
organometallic,6
compounds,6
heterocyclic,6
technik,5
liq,5
rapid,5
systems,5
institution,5
eur,5
crystals,5
development,5
geol,5
institute,5
concr,5
concrete,5
cellular,5
proceedings,5
philosophical,5
physicaphysica,5
tetrahedron,5
geochemistry,5
liquid,5
minerals,5
theor,5
plast,5
theoretical,5
crystal,5
growth,5
opinion,5
opin,5
biomed,5
solidstate,5
physique,5
bioorg,5
jpn,5
italiana,5
ital,5
manufacturing,5
reaction,5
kinet,5
structures,5
japanese,5
miner,5
nmr,5
abstracts,5
peptide,5
meeting,5
national,5
organomet,5
biomolecular,5
chimie,5
states,5
optical,5
crystallographica,5
united,5
carbohydr,5
structure,5
mineral,5
atomic,5
flow,4
biophysical,4
coatings,4
soil,4
ion,4
fiz,4
korean,4
characterization,4
status,4
kinetics,4
indica,4
revue,4
supramolecular,4
inf,4
york,4
supramol,4
saf,4
instrum,4
mrs,4
faraday,4
china,4
microporous,4
corros,4
plasmas,4
deacademie,4
group,4
comp,4
silicon,4
life,4
forum,4
comparative,4
heterocycl,4
liebigs,4
sulfur,4
comptes,4
rendus,4
serie,4
ecol,4
biomedical,4
products,4
phosphorus,4
cr,4
springer,4
sept,4
transition,4
petroleum,4
corrosion,4
safety,4
polymeric,4
infrared,4
main,4
pol,4
pap,4
cells,4
funct,4
express,4
geology,4
nuovo,4
fuels,4
photochemistry,4
insect,4
anticancer,4
rubber,4
contam,4
carbon,4
biophysics,4
photochem,4
der,4
engineeringmater,4
toxicological,4
cycles,4
della,4
electronics,4
material,4
fis,4
plastics,4
free,4
radical,4
solids,4
symp,4
prot,4
nucleic,4
temp,4
films,4
laboratory,4
electrochemical,4
networks,4
fisicanuovo,4
genomics,4
xray,4
gas,4
societa,4
combustion,3
global,3
recl,3
fatigue,3
semicond,3
techniques,3
semiconductor,3
combust,3
hazardous,3
instruments,3
performance,3
nachrichten,3
fresenius,3
quarterly,3
indianchem,3
numerical,3
sensors,3
purification,3
temperature,3
purif,3
electrochemistry,3
internet,3
quantum,3
lipids,3
charact,3
spectrochimica,3
laboratorium,3
br,3
british,3
nova,3
mag,3
aus,3
aerosol,3
monit,3
coordination,3
div,3
contamination,3
prepr,3
metab,3
mod,3
computational,3
tlc,3
mediators,3
division,3
controlled,3
ber,3
condensed,3
condens,3
naturforschung,3
particle,3
microsc,3
societyam,3
air,3
asian,3
testing,3
synthetic,3
structural,3
astron,3
autom,3
automation,3
thermodyn,3
general,3
radioanalytical,3
iii,3
sources,3
pollut,3
sectiontrans,3
physicsappl,3
scandinavica,3
dc,3
physica,3
functional,3
pharmacological,3
scientific,3
fields,3
intser,3
chemica,3
photobiol,3
medical,3
protection,3
chemische,3
scripta,3
biomol,3
washington,3
qual,3
coat,3
pet,3
therm,3
manuf,3
chemother,3
pharmacy,3
galvanotechnik,2
nauk,2
fullerene,2
fundam,2
biosphere,2
ecotoxicology,2
physiological,2
gefahrstoffe,2
adhesives,2
drying,2
earth,2
online,2
planta,2
luft,2
highlights,2
electro,2
organohalogen,2
origins,2
economic,2
ecotoxicol,2
educ,2
geochemical,2
explor,2
solidi,2
frontier,2
integr,2
fiber,2
fett,2
pollution,2
ferroelectr,2
quality,2
microbial,2
ferroelectrics,2
seriesphilos,2
febs,2
microb,2
transsoc,2
erdol,2
kohle,2
erdgas,2
faseb,2
ca,2
materialia,2
magazinephilos,2
field,2
fluidsphys,2
fizika,2
lettersphys,2
electronic,2
ozone,2
embo,2
glasses,2
exploration,2
peptides,2
pesticide,2
pestic,2
equilib,2
metalloved,2
solidiphys,2
transitions,2
polonicaacta,2
perspectives,2
perspect,2
monitoring,2
antiviral,2
interventions,2
prep,2
accounts,2
acc,2
aided,2
designcomput,2
computeraided,2
appita,2
south,2
chromatographyj,2
african,2
spray,2
information,2
toxicologytoxicol,2
cutaneous,2
toxin,2
microprobe,2
vacuum,2
partnumer,2
technologyj,2
vac,2
biomaterials,2
chemistrybiol,2
gummi,2
key,2
chemistryautom,2
kolloidn,2
aug,2
kovove,2
materialy,2
laser,2
lcgc,2
magazine,2
ach,2
perk,2
chemistrychem,2
models,2
modell,2
graphics,2
microelectronic,2
microbiological,2
photobiologyj,2
chemistryphys,2
chemistryj,2
technologymater,2
gen,2
seriesj,2
physicsmacromol,2
biochimica,2
planar,2
partpolymer,2
partpolym,2
researchinterferon,2
cytokine,2
interferon,2
chemists,2
biochim,2
power,2
paper,2
quantitative,2
microbiologygen,2
aci,2
eval,2
phenom,2
dalton,2
transactionschem,2
annalen,2
recueil,2
lubrication,2
sectionmol,2
finishing,2
cienc,2
mixtures,2
nachr,2
nano,2
nd,2
ieee,2
hyperfine,2
hydrocarbon,2
resolut,2
resolution,2
toxins,2
naunynschmiedebergs,2
ndt,2
roh,2
holz,2
perform,2
neorg,2
neurochem,2
treat,2
treatment,2
sectstruct,2
hazard,2
handbook,2
ground,2
glycoconjugate,2
sectionnucl,2
physicsnucl,2
acids,2
adhesion,2
intbiochem,2
lubr,2
lettersmod,2
theory,2
simul,2
praktische,2
iv,2
march,2
jom,2
jpnappl,2
scand,2
innovations,2
isij,2
steelmaking,2
ironmaking,2
jim,2
vibrational,2
matrix,2
thermophysics,2
mendeleev,2
ions,2
hard,2
drugs,2
transactionsmetall,2
microelectron,2
mesoporous,2
microscale,2
sinica,2
intmass,2
microscopy,2
intheat,2
extr,2
age,2
outlook,2
ukr,2
smart,2
superlattices,2
messenger,2
stud,2
intelligent,2
studies,2
paysbas,2
actuators,2
phosphoprotein,2
space,2
speculations,2
adverse,2
sampe,2
mat,2
ecology,2
blood,2
adhes,2
immobilization,2
oils,2
rapra,2
bioeng,2
pharmacal,2
polish,2
cahiers,2
barcelona,2
defects,2
news,2
clay,2
clays,2
cim,2
chromatographic,2
sectioninorganic,2
ukrainskii,2
mineralogist,2
chinchem,2
chin,2
second,2
histochemistry,2
biotech,2
sectionorganic,2
spill,2
cement,2
colloids,2
chemicke,2
bioavailability,2
solvent,2
speciation,2
france,2
cereal,2
senses,2
zvesti,2
annals,2
alche,2
japan,2
publication,2
fibers,2
san,2
chimiques,2
astronomy,2
russ,2
bioenergy,2
astrophysics,2
genet,2
metabolic,2
deposition,2
astm,2
ing,2
annali,2
cem,2
assoc,2
solar,2
partspectrochim,2
zeit,2
unserer,2
verfahren,2
sol,2
aiche,2
anlagen,2
interact,2
interactions,2
ionics,2
listy,2
week,2
bioconjugate,2
particulate,2
astrophys,2
enzymology,2
preprints,2
regul,2
concepts,2
trac,2
oxford,2
biomass,2
computers,2
platinum,2
khimiya,2
areas,2
surfacescolloids,2
chemotherapy,2
enzymol,2
cah,2
agents,2
theochem,2
continuum,2
test,2
tappi,2
cpp,2
anales,2
english,2
polycyclic,2
catalysisappl,2
biorg,2
antisense,2
plants,2
sprays,2
recycl,2
calphad,2
atomization,2
gels,2
total,2
mineralogy,2
blends,2
recycling,2
actuatorssens,2
asymmetry,2
filtration,2
microdevices,2
interfaces,2
endocrinology,2
canchem,2
tissue,2
biosci,2
amines,2
spectra,2
academy,2
joining,2
ammonia,2
comments,2
flame,2
tables,2
screening,2
throughput,2
agric,2
combinatorial,2
bioprocess,2
supercond,2
electrolytes,2
berichte,2
antimicrobial,2
planets,2
terre,2
seriesprocsoc,2
membr,2
metallurgie,2
control,2
energ,2
acid,2
env,2
dinformations,2
membranes,2
bioscience,2
finish,2
filtr,2
hoppeseyler,2
world,1
metalsjpn,1
ultrason,1
sonochem,1
engineerschin,1
uspekhi,1
resour,1
managementinst,1
resources,1
st,1
sciencesinst,1
societyindian,1
societyeur,1
societyelectrochem,1
societychin,1
vib,1
usp,1
plat,1
societykorean,1
seriesmechanical,1
moscow,1
tsvetn,1
metally,1
tsvetnaya,1
wood,1
technologywood,1
jpc,1
jpcplanar,1
seriesmechanics,1
seriesfluids,1
machine,1
medicinetrace,1
kautschuk,1
kunststoffe,1
kautsch,1
kunstst,1
fluoresc,1
khimicheskaya,1
kinetikakataliz,1
katal,1
fluorescence,1
koatsuryoku,1
biologytrace,1
techniquestrace,1
americaoptical,1
analysistherm,1
physicsopt,1
amopt,1
japanphys,1
agriculturesci,1
serbian,1
societyserb,1
sonochemistry,1
ultrasonics,1
metallurgys,1
afr,1
calorimetrytherm,1
fizicheskii,1
calorim,1
technologytherm,1
transferthermophys,1
thermoplastic,1
materialsthermoplast,1
khimicheskii,1
ocular,1
ocul,1
reviewstoxicol,1
healthtoxicol,1
worldmicrobiol,1
microbiologyrapid,1
communicationschem,1
neorganicheskoi,1
fizicheskoi,1
chemiephys,1
generalphysmath,1
physikalische,1
clusters,1
solidsphys,1
physicsatomic,1
physicsphysat,1
physicsapplied,1
physicsphysappl,1
physicsnuclear,1
clustersphysat,1
molecules,1
physicsphysnucl,1
matterphys,1
physikatoms,1
fieldsphyspart,1
tlcplanar,1
physikparticle,1
biotechnologyplant,1
engineeringpolym,1
materialspolym,1
matterphyscondens,1
chemistrypolym,1
physikcondensed,1
nucleiphyshadrons,1
physicspolym,1
physicsmathematical,1
ref,1
porous,1
dataphys,1
neuroscience,1
researchneurosci,1
systemsnew,1
noncrystalline,1
solidsnoncryst,1
nonequilibrium,1
thermodynamicsnonequilib,1
materialsnucl,1
technologynucl,1
prikladnoi,1
chemistryorg,1
chemistryorganomet,1
sciencepept,1
technologypet,1
analysispharm,1
sciencespharm,1
methodspharmacol,1
therapeuticspharmacol,1
ther,1
pharmacologypharm,1
equilibriumphase,1
organicheskoi,1
obshch,1
obshchei,1
photopolymer,1
technologyphotopolym,1
reference,1
environmentpolym,1
physikhadrons,1
pak,1
researchsci,1
solgel,1
technologysolgel,1
chemistrysolid,1
electrochemistrysolid,1
solution,1
chemistrysolution,1
steroid,1
biologysteroid,1
chemieanorg,1
strain,1
designstrain,1
allgemeine,1
chemistrystruct,1
supercritical,1
fluidssupercrit,1
japansynth,1
anorganische,1
evaluationtest,1
associationair,1
jacs,1
spectrometryam,1
brewing,1
chemistsam,1
brew,1
japanceram,1
societychem,1
pakistanchem,1
sciencesep,1
rheologyrheol,1
materialsporous,1
compositesreinf,1
porphyrins,1
biosciencesnaturforschbiosci,1
sciencesnaturforschchem,1
phthalocyaninesporphyrins,1
phthalocyanines,1
sciencesnaturforschphys,1
sourcespower,1
metailkundemetailkd,1
propulsion,1
powerpropul,1
chemistryprotein,1
pulp,1
kristallograhiekristallogr,1
sciencepulp,1
radiative,1
transferquant,1
stuctureskristallogr,1
chemistryradioanal,1
articlesradioanal,1
art,1
lettersradioanal,1
crystral,1
raman,1
kristallograhie,1
specroscopyraman,1
allg,1
reinforced,1
kagaku,1
bonding,1
gijutsu,1
pathology,1
communication,1
optikaspektroskopiya,1
spektrosk,1
preparations,1
procedures,1
proced,1
revista,1
intermed,1
organometallics,1
intermediates,1
pathol,1
heidelberg,1
regulatory,1
russorg,1
evolution,1
refract,1
refractories,1
trav,1
evol,1
oxidation,1
travaux,1
oxid,1
reactive,1
radiochim,1
radiochima,1
char,1
opticheskii,1
generale,1
april,1
thermique,1
russnondestr,1
andinternational,1
andint,1
nondestructive,1
neftyanoe,1
russgen,1
russelectrochem,1
russbioorg,1
khozyaistvo,1
russappl,1
neft,1
khoz,1
neorganicheskie,1
neurochemical,1
rheol,1
neurochemistry,1
comprehensive,1
rheologica,1
compr,1
newchem,1
biomedicine,1
roum,1
leopoldina,1
supplementum,1
roumaine,1
dosim,1
montpellier,1
sorrento,1
preprint,1
alkenes,1
preparation,1
diffr,1
diffraction,1
technologies,1
interdisciplinary,1
revstat,1
liquids,1
physiologia,1
plantarum,1
stab,1
degrad,1
zoology,1
zool,1
phytochemical,1
stability,1
phytochem,1
degradation,1
medica,1
aromat,1
aromatic,1
polchem,1
diego,1
applications,1
plating,1
preparative,1
reviewstatistical,1
italy,1
revpart,1
neurochemistryneurochem,1
dosimetry,1
eff,1
effects,1
analitica,1
structact,1
philos,1
quant,1
relationships,1
structureactivity,1
przem,1
chemiczny,1
photobiology,1
photosynthesis,1
przemysl,1
photosynth,1
scr,1
pccp,1
reviewatomic,1
revat,1
reviewcondensed,1
revcondens,1
reviewnuclear,1
revnucl,1
reviewparticles,1
nature,1
product,1
thermochim,1
measurement,1
photosensitive,1
organisms,1
temperatures,1
evaluation,1
microstruct,1
microstructures,1
superconductor,1
bond,1
materialwissenschaft,1
werkstofftechnik,1
materialwiss,1
werkstofftech,1
meas,1
seriescell,1
europe,1
time,1
dependent,1
timedepend,1
prop,1
properties,1
spectroscopic,1
metalbased,1
metbased,1
metallovedenietermicheskaya,1
obrabotka,1
spectrochim,1
pollutution,1
august,1
orleans,1
chemist,1
koordinatsionnaya,1
koord,1
koreanchem,1
metallic,1
investigation,1
invest,1
robotics,1
rob,1
thermochimica,1
foundations,1
pept,1
metorg,1
metalorganic,1
reactivity,1
synlett,1
simulations,1
magyar,1
kemiai,1
folyoirat,1
magy,1
kem,1
foly,1
electroact,1
photosensit,1
electroactive,1
special,1
metallov,1
term,1
monatshefte,1
monthy,1
notices,1
il,1
astronomical,1
mon,1
notastron,1
seriestechnological,1
nitride,1
internetnitride,1
serieschemistry,1
weld,1
nach,1
welding,1
nanostructured,1
nanostruct,1
chicago,1
scandmetall,1
serieslife,1
scandinavian,1
seriesphysics,1
russcoord,1
russion,1
seriesmathematical,1
seriesapplied,1
seriesecological,1
monatsh,1
reprod,1
obrab,1
reproduction,1
transactionsphysical,1
transactionsprocess,1
chemistryafrchem,1
microchemical,1
microchem,1
exch,1
microelectronics,1
exchange,1
extraction,1
thermophysical,1
thermophys,1
microanalysis,1
microanal,1
technique,1
mikrochimica,1
mikrochim,1
extractive,1
mini,1
minirev,1
modelling,1
simulation,1
indus,1
silic,1
industriels,1
silicates,1
neuroscienceneurosci,1
endocrinol,1
spectroscopynear,1
econ,1
conversion,1
electrochim,1
electrochimica,1
polytech,1
magnetobiol,1
magnetobiology,1
education,1
geologists,1
convers,1
ecological,1
planet,1
planetary,1
akad,1
dokl,1
akademii,1
doklady,1
polytechnica,1
polymerica,1
dental,1
metallurgica,1
eursolid,1
eurpharmacol,1
eurorg,1
eurmineral,1
eurmed,1
eurmass,1
eurlipid,1
eurinorg,1
carcinogenesis,1
eurclin,1
eurbiochem,1
petrochem,1
petrochemie,1
assess,1
assessment,1
carcinog,1
dent,1
agriculture,1
czechoslovak,1
partapplied,1
mec,1
iib,1
astronomie,1
iibmecanique,1
iia,1
iiasciences,1
partengineering,1
physiolpharmacol,1
iic,1
physiologypharmacology,1
physiolbiochem,1
physiologybiochemistry,1
physiolphysiol,1
physiologyphysiology,1
comb,1
czech,1
iicchemie,1
vie,1
adsorption,1
petrol,1
adsorpt,1
croat,1
croatica,1
phy,1
engbiotechnol,1
cryogenic,1
coord,1
contrib,1
computation,1
petrology,1
contributions,1
cryog,1
thermodynamics,1
regulation,1
theories,1
magenetic,1
europhysics,1
europhys,1
experiments,1
sectcryst,1
organopalladium,1
handb,1
rem,1
remediation,1
green,1
greem,1
globalpure,1
biogeochem,1
sectionstructural,1
biogeochemical,1
sectionbiological,1
laborfachzeitschrift,1
git,1
geomicrobiol,1
geomicrobiology,1
geofiz,1
sectioncrystal,1
helvetica,1
hydrob,1
hoppeseylers,1
hungarian,1
hrchigh,1
hrc,1
hoppeseylersphysiol,1
physiologische,1
sectionfoundations,1
sectfound,1
werkst,1
helv,1
werkstoff,1
als,1
pressure,1
heterogen,1
heterogeneous,1
heteroat,1
heteroatom,1
geologiyageofizika,1
cosmochim,1
geochim,1
metallovmetallovedenie,1
hydrochimica,1
fold,1
folding,1
fluidpart,1
fluidparticle,1
equilibria,1
hydrobiologica,1
integrated,1
cosmochimica,1
immunol,1
immunology,1
hydroch,1
fract,1
fracture,1
discuss,1
discussions,1
additives,1
contaminants,1
addit,1
freseniusanal,1
geochimica,1
geosyst,1
geophys,1
geosystems,1
geophysics,1
genetic,1
reinhalt,1
reinhaltung,1
crystallography,1
gazz,1
sectbiol,1
gazzetta,1
sectionstructure,1
fundamental,1
integrative,1
collect,1
collection,1
sens,1
bioelectrochemistry,1
annales,1
materiaux,1
biog,1
biogenic,1
bioenerg,1
bioelectrochem,1
bioenergetics,1
biophysica,1
makromol,1
cellulaire,1
biologie,1
biologybiochimie,1
systematics,1
rome,1
genetics,1
biotransform,1
element,1
makromolekulare,1
biotransformation,1
bioresource,1
histochem,1
biotechnic,1
bioelectron,1
biosens,1
bioelectronics,1
biosensors,1
bioresour,1
biorem,1
engl,1
bioremediation,1
dispos,1
biopharm,1
disposition,1
biopharmaceutics,1
analytica,1
bioorganicheskaya,1
biocatal,1
biocatalysis,1
clinica,1
archiv,1
virol,1
virology,1
sectinorg,1
sectorg,1
sectionphysical,1
sectphys,1
pharmazie,1
aquat,1
substitutes,1
aquatic,1
developmental,1
superconductivity,1
pharmacool,1
isot,1
isotopes,1
antimicrob,1
artificial,1
artif,1
bunsenges,1
atmospheric,1
bunsengesellschaft,1
behav,1
behavioural,1
austchem,1
australian,1
ny,1
atmos,1
publ,1
substitues,1
spec,1
technical,1
specical,1
asianspectro,1
asianchem,1
arzneimforsch,1
arzneimittelforschungdrug,1
bioengineering,1
biotechnological,1
equipment,1
cambridge,1
vap,1
vapor,1
washingtonc,1
hygiene,1
association,1
hyg,1
engineer,1
warsaw,1
ingenieur,1
analityczna,1
chemia,1
silik,1
silikaty,1
respiratory,1
amrespir,1
cellul,1
chemicobiological,1
berichterecueil,1
equip,1
laborary,1
chinpolym,1
chinnucl,1
oggi,1
chemtracts,1
chemtech,1
intell,1
chemom,1
chemometrics,1
leipzig,1
chemistrya,1
reactions,1
britain,1
aust,1
australia,1
industry,1
chemistryeuropean,1
cellulose,1
function,1
cat,1
brennstoffwarmekraft,1
societes,1
fr,1
chimique,1
societe,1
brpharmacol,1
jornal,1
brennstwarmekraft,1
francisco,1
facilities,1
book,1
chil,1
bol,1
chilena,1
sociedad,1
boletin,1
progr,1
belges,1
belg,1
history,1
hist,1
canphysiol,1
canphys,1
canmicrobiol,1
canbiochem,1
spectros,1
cananal,1
facil,1
thermochemistry,1
diagrams,1
coupling,1
techrev,1
asociacion,1
argentina,1
asoc,1
argent,1
hungind,1
indianbiochem,1
near,1
radioact,1
essential,1
inhib,1
inhibitionenzym,1
monitoringenviron,1
partpesticidesenviron,1
scienceenviron,1
partenvironmental,1
radioactivityenviron,1
ethnopharmacologyethnopharmacol,1
qualityenviron,1
managementenviron,1
healthenviron,1
engineeringenviron,1
biologyenviron,1
technologyeng,1
researchendotoxin,1
researchessent,1
biologyexp,1
endocrinologyendocrinol,1
engineeringfluids,1
sciencefood,1
protectionfood,1
lipidsfood,1
engineeringfood,1
biochemistryfood,1
chemistryfluorine,1
fluorine,1
mechanicsfluid,1
botanyexp,1
sciencesfire,1
bioengineeringferment,1
fermentation,1
epidemiol,1
epidemiologyexposure,1
exposure,1
bot,1
endotoxin,1
materialselectron,1
neuroanatomychem,1
metabolismclin,1
materialscompos,1
chemistrycomb,1
sciencecolloid,1
technologycoat,1
sciencecluster,1
cluster,1
microbiologyclin,1
chromatographychromatogr,1
chemistrycomput,1
sciencechromatogr,1
chemometricschemom,1
thermodynamicschem,1
biotechnologychem,1
synop,1
synopsischem,1
physicschem,1
researchcompos,1
contaminant,1
phenomenaelectron,1
technologydispersion,1
microscopyelectron,1
electroceramicselectroceram,1
chemistryelectroanal,1
electroanalytical,1
biotechnologica,1
plasticselastomers,1
elastomers,1
dispersion,1
hydrologycontam,1
sciencedairy,1
dairy,1
growthcryst,1
chemistrycoord,1
release,1
releasecontrolled,1
hydrol,1
materialshazard,1
transferheat,1
chemistryheterocycl,1
chemistrymath,1
biotechnologymicrobiol,1
methodsmicrobiol,1
biologymembr,1
membrane,1
sciencemembr,1
membrance,1
chemistrymed,1
mathematical,1
separationsmicrocolumn,1
processingmater,1
medicinemater,1
lettersmater,1
electronicsmater,1
researchmater,1
sciencemater,1
civ,1
microcolumn,1
systemsmicroelectromech,1
chromatographyhigh,1
biotechnologymol,1
productsnat,1
researchnanopart,1
nanoparticle,1
structuremol,1
spectroscopymol,1
model,1
modelingmol,1
liquidsmol,1
microencapsulationmicroencapsulation,1
modellingmol,1
catalenzym,1
catalysisenzymaticmol,1
catalchem,1
catalysischemicalmol,1
catalysismol,1
biologymol,1
civil,1
performancemater,1
chemistrymater,1
chemistryinclusion,1
indiainst,1
biochemistryinorg,1
polymersinorg,1
chemistryinorg,1
biotechnologyind,1
microbiologyind,1
recognit,1
recognition,1
managementmater,1
phenomena,1
inclusion,1
technologyimaging,1
imaging,1
hypertensionhypertens,1
cytochem,1
cytochemistryhistochem,1
structuresintell,1
labelled,1
radiopharmaceuticalslabelled,1
radiopharm,1
spectrometrymass,1
materialsmagn,1
magnetism,1
chemistrymacromol,1
reviewsmacromol,1
luminescencelumin,1
physicslow,1
low,1
technologiesliq,1
chromatographyliq,1
polonica,1
researchlipid,1
signalling,1
signallinglipid,1
mediatorslipid,1
neuroanat,1
sciencechem,1
bioinorganic,1
intpharm,1
intpowder,1
intpolymer,1
intpolym,1
intplast,1
plasticity,1
intphytorem,1
phytoremediation,1
pharmaceutics,1
intradiat,1
intpept,1
seriesphysical,1
intoncol,1
oncology,1
intmultiphase,1
multiphase,1
physicsintmod,1
intquantum,1
refractory,1
intinorg,1
spectro,1
cancer,1
isrchem,1
israel,1
procesowa,1
inz,1
chemicznaprocesowa,1
inzynieria,1
internetvib,1
intrefract,1
internetchem,1
proc,1
intthermophys,1
hightemp,1
intselfpropag,1
hightemperature,1
selfpropagating,1
intminer,1
intimmunopharmacol,1
japanchem,1
madrid,1
biodeterioration,1
instrumentation,1
biochemisry,1
inorganica,1
syntheses,1
mechanisms,1
ciencia,1
ingeniera,1
biodeterior,1
fundamentals,1
indiantechnol,1
indianpure,1
indianheterocycl,1
indianeng,1
including,1
phyics,1
biodegradation,1
biodegrad,1
immunopharmacology,1
cast,1
inthydrogen,1
hydrogen,1
intfatigue,1
intenviron,1
cienceia,1
intchem,1
intcast,1
intbiol,1
selected,1
macromolecules,1
intbiochromatogr,1
biochromatography,1
intadhes,1
intnumer,1
sel,1
seriesint,1
jpncancer,1
jpnpharmacol,1
jpntoxicol,1
compat,1
applicationsbiomater,1
chemilumin,1
chemiluminescencebiolumin,1
bioluminescence,1
biochemistrybiochem,1
bioph,1
methodsbiochem,1
polymersbioact,1
biomedial,1
bompatible,1
bioactive,1
bacteriologybacteriol,1
automatic,1
automated,1
researchasian,1
toxicologyappl,1
editionbiomater,1
researchbiomed,1
physicochimie,1
biologycell,1
educationchem,1
ecologychem,1
crystallographychem,1
datachem,1
physiologycell,1
biochemistrycell,1
sciencecell,1
catalysiscatal,1
nmrbiomol,1
pharmacologycardiovasc,1
cardiovascular,1
chemistrycarbohydr,1
technologycan,1
biotechnologybiotechnol,1
dyn,1
dynamicsbiomol,1
spectroscopyappl,1
scienceappl,1
phycol,1
germanyprakt,1
scienceaerosol,1
materialsadv,1
technologyadhes,1
adhesionadhes,1
chemztg,1
zeitungprakt,1
chemiker,1
weinheim,1
phycologyappl,1
fuer,1
ivphys,1
iiiphys,1
ii,1
iiphys,1
physiquej,1
biologiquechim,1
agricultural,1
chemistryagric,1
alloys,1
compoundsalloys,1
electrochemistryappl,1
crystallographyappl,1
biomater,1
biomaterialsappl,1
bacteriol,1
bacteriologyappl,1
internationalaoac,1
aoac,1
chemotherapyantimicrob,1
antibioticsantibiot,1
toxicologyanal,1
chemistryanal,1
spectrometryanal,1
pyrolysis,1
pyrolysisanal,1
prikl,1
