,Humanities.txt
studies,290
review,170
literature,133
language,87
society,83
american,80
quarterly,79
english,75
di,73
international,73
revue,66
linguistics,65
revista,58
des,58
und,58
la,57
bulletin,55
university,50
zeitschriftr,49
der,47
et,46
literary,46
history,36
arts,35
rivista,35
etudes,33
zur,32
culture,30
research,30
association,29
renaissance,29
modern,28
african,27
folklore,26
du,26
sciences,26
literatur,26
criticism,25
studi,24
canadian,23
literatura,23
humanities,23
internationale,22
jahrbuch,22
cahiers,22
annual,22
new,21
medieval,21
beiträge,21
series,20
french,19
soci,19
estudios,19
theory,19
interdisciplinary,18
languages,18
philosophy,18
indian,18
linguistique,17
comparative,17
die,17
studia,17
papers,16
library,16
devoted,16
linguistic,16
della,16
theatre,16
yearbook,16
essays,15
linguistica,15
sprache,15
littérature,15
casopis,14
fiction,14
za,14
contemporary,14
voor,14
en,14
social,14
philologie,13
deutschen,13
german,13
detudes,13
italiana,13
south,13
del,13
letters,13
cultura,12
deutsche,12
applied,12
zhurnal,12
literatures,12
european,12
psychology,12
century,11
hebrew,11
southern,11
française,11
college,11
forum,11
transactions,11
tijdschrift,11
drama,11
africa,10
science,10
slavic,10
recherches,10
chinese,10
critical,10
notes,10
bibliography,10
america,10
van,10
italian,10
newsletter,10
study,10
latin,10
foreign,9
magazine,9
geschichte,9
poetry,9
romance,9
music,9
archivr,9
translation,9
les,9
north,9
east,9
interpretation,9
publications,8
institute,8
zeitschrift,8
letteratura,8
academy,8
asian,8
mitteilungen,8
bibliographical,8
life,8
general,8
tradition,8
dhistoire,8
forschungen,8
sur,8
poetics,8
historical,8
rassegna,7
trimestrale,7
cultural,7
germanistik,7
writing,7
australian,7
og,7
text,7
literaturwissenschaft,7
annales,7
le,7
shakespeare,7
cambridge,7
linstitut,7
canadienne,7
tidsskrift,7
books,7
germanic,7
communication,7
hispanic,7
il,7
acta,7
philology,7
thought,7
volkskunde,7
filologia,7
west,7
studien,7
littéraire,7
teaching,7
texte,6
jewish,6
littéraires,6
vir,6
española,6
biblioteca,6
sprachwissenschaft,6
asiatic,6
philosophie,6
victorian,6
russian,6
thomas,6
scandinavian,6
critique,6
kritik,6
scottish,6
scientiarum,6
film,6
carolina,6
praxis,6
cuadernos,6
letterkunde,6
monographs,6
central,6
ta,6
scholarship,6
england,6
kultur,6
jahrbuchr,6
women,6
irish,6
early,6
literatury,6
book,6
folk,6
annali,6
texts,6
linguistik,5
wissenschaft,5
british,5
cognitive,5
religion,5
performance,5
humor,5
ethnology,5
commonwealth,5
sprach,5
lettres,5
taal,5
wiener,5
northwest,5
quaderni,5
na,5
ukrainian,5
reviews,5
harvard,5
oral,5
philosophical,5
yale,5
lassociation,5
las,5
childrens,5
letteraria,5
speech,5
studiesrevue,5
pour,5
discourse,5
bollettino,5
cognition,5
theater,5
publishing,5
boletde,5
canada,5
virginia,5
japan,5
langue,5
letras,5
françaises,5
teachers,5
och,4
scienze,4
anglaises,4
universidad,4
lingüística,4
travaux,4
komisji,4
jezik,4
gakuin,4
hromadskopolitychnyi,4
kultura,4
lingua,4
centro,4
black,4
tidskrift,4
slavonic,4
dellistituto,4
semantics,4
arbeiten,4
aus,4
siècle,4
dialect,4
publication,4
council,4
anthropos,4
ethnomusicology,4
sprachen,4
litterarum,4
rhetoric,4
western,4
writers,4
anales,4
eastern,4
survey,4
romanes,4
royal,4
nineteenthcentury,4
folklife,4
center,4
wissenschaftliche,4
bimestrale,4
development,4
asia,4
eighteenthcentury,4
oriental,4
darbai,4
centre,4
mokslo,4
reihe,4
annals,4
george,4
pragmatics,4
hungarian,4
human,4
art,4
classical,4
academiae,4
ohio,4
zu,4
scholars,4
daphnis,4
world,4
folia,4
français,4
word,4
learning,4
societatis,4
neueren,4
klassische,4
textual,4
monograph,4
puerto,3
second,3
phonetica,3
schriften,3
rinascimento,3
si,3
dante,3
gids,3
rocznik,3
anthropological,3
balkaniques,3
gesellschaft,3
esprit,3
lhomme,3
esperanto,3
tou,3
philological,3
therapy,3
akademie,3
behavior,3
blues,3
epeteris,3
york,3
rico,3
sociocriticism,3
literaturnokhudozhnii,3
internationales,3
critica,3
par,3
goethe,3
texas,3
storia,3
restoration,3
schweizerischen,3
glotta,3
news,3
germanistische,3
australia,3
hellenika,3
monthly,3
georgia,3
foundation,3
eliot,3
revija,3
welt,3
neue,3
nordisk,3
reading,3
kunst,3
authors,3
sfr,3
feminist,3
årsbok,3
regional,3
circle,3
kwartalnik,3
qucoise,3
prace,3
ethnologia,3
ciencia,3
slavica,3
semiotic,3
studium,3
nazionale,3
literaturen,3
joyce,3
analysis,3
proceedings,3
kulturgeschichte,3
ed,3
lettere,3
biography,3
italiano,3
iran,3
dansk,3
urbe,3
southwest,3
nauk,3
organ,3
middle,3
womens,3
working,3
celtica,3
het,3
arabes,3
slavia,3
official,3
memory,3
modernes,3
novel,3
croatian,3
education,3
analecta,3
aesthetics,3
mediaevalia,3
mediaeval,3
informazione,3
school,3
yeats,3
nederlandse,3
stanford,3
supplement,3
age,3
hispánica,3
pro,3
eighteenth,3
ams,3
midwestern,3
aukstuju,3
seuran,3
mnemosyne,3
ja,3
speculum,3
tydskrif,3
amis,3
child,3
wolfenbütteler,3
vuosikirja,3
soundings,3
mokyklu,3
chaucer,3
lietuvos,3
popular,3
ii,3
nchener,3
william,3
latinoamericana,3
ireland,3
cl,3
mississippi,3
slovo,3
suisse,3
langage,3
cervantes,3
style,3
reviewquarterly,3
detude,3
graduate,3
europe,3
germanica,3
trimestrielle,3
delluniversità,3
letterefilosofia,3
facoltà,3
oxford,3
langues,3
shavian,3
filosofia,3
magyar,3
real,3
iowa,3
seminar,3
lit,3
boletdel,3
paideia,3
fennica,3
pamietnik,3
national,3
report,3
polskiej,3
letture,3
record,3
sul,3
geschiedenis,3
letterature,3
trimestre,3
im,3
affairs,3
anglistik,3
shaw,3
teoria,3
siglo,3
california,2
dires,2
callaloo,2
emblematica,2
caliban,2
vedu,2
enclitic,2
zum,2
luniversité,2
africanamerican,2
diogenes,2
discours,2
dimension,2
chasqui,2
elh,2
spektator,2
beihefte,2
chloe,2
chiricú,2
rsa,2
eigo,2
tidskriftr,2
differentia,2
chesterton,2
chiba,2
elementa,2
law,2
cenobio,2
cercetari,2
cara,2
discurso,2
dispositio,2
americana,2
språkvård,2
cather,2
cicim,2
svenska,2
russkii,2
cea,2
dnipro,2
castilla,2
filologii,2
stasinos,2
steaua,2
steinbeck,2
italiane,2
media,2
theoretical,2
iberian,2
romani,2
edda,2
analyse,2
csl,2
samlaren,2
sprachkunst,2
dostoevsky,2
oro,2
present,2
critic,2
salmagundi,2
celestinesca,2
au,2
russkaia,2
linguisticsrevue,2
hearing,2
durham,2
christian,2
dalhousie,2
sananjalka,2
delo,2
knjizevni,2
scriptorium,2
corónica,2
circles,2
works,2
scripsi,2
islam,2
corona,2
shenandoah,2
orients,2
contrastes,2
problems,2
continuum,2
sprachdienst,2
constructions,2
conradiana,2
deutsch,2
theorie,2
conradian,2
connotations,2
scriblerian,2
confluencia,2
conference,2
mesecni,2
southeastern,2
gaelic,2
vlaamse,2
textes,2
udsyn,2
danske,2
studier,2
dactylus,2
current,2
sel,2
selecta,2
selected,2
sefarad,2
semiotexte,2
semiotica,2
indigenas,2
crux,2
nieuwe,2
critiques,2
serpe,2
criticismquarterly,2
cristallo,2
shandean,2
costerus,2
revisor,2
spanish,2
signs,2
silarus,2
san,2
slovenská,2
dickinson,2
composition,2
dictionaries,2
contemporaine,2
slovenské,2
diderot,2
cotextes,2
horen,2
clues,2
sophia,2
seges,2
savremenik,2
savacou,2
teologia,2
filosofiadi,2
sapienza,2
islams,2
wi,2
vita,2
cinema,2
suomen,2
atlantic,2
cineaste,2
dickensian,2
slovene,2
conch,2
slovakia,2
cultures,2
sing,2
culturale,2
comunità,2
vierteljahrsschriftr,2
deutsches,2
computers,2
mittelalters,2
diachronica,2
computational,2
sipario,2
comparatist,2
communications,2
poswiecony,2
schatzkammer,2
scena,2
ssl,2
commentary,2
comitatus,2
comhar,2
dialogi,2
allgemeine,2
hefter,2
encomia,2
quadrant,2
encyclia,2
knjizevna,2
nas,2
rec,2
midwest,2
branch,2
literaturnokhudozhestvennyiobshchestvennopoliticheskii,2
phonetic,2
nassau,2
romanian,2
neohelicon,2
sammlung,2
natural,2
nm,2
neva,2
logic,2
ditalia,2
semitic,2
quest,2
technique,2
wort,2
libraries,2
narodna,2
names,2
moreana,2
studie,2
klasgids,2
kiswahili,2
moderna,2
mogucnosti,2
umjetnost,2
kentucky,2
southeast,2
mosaic,2
moznayim,2
mostovi,2
keatesshelley,2
movoznavstvo,2
kansas,2
kanava,2
ukraine,2
kalbotyra,2
kk,2
greek,2
prose,2
japanese,2
onomastica,2
okike,2
oklahoma,2
project,2
bibliothek,2
old,2
freien,2
onoma,2
österreichischen,2
poswiecone,2
oeuvres,2
ons,2
seriia,2
akademii,2
izraz,2
itl,2
driemaandelijks,2
italica,2
italia,2
ogam,2
odù,2
nordelbingen,2
nottingham,2
nordlyd,2
hellenic,2
norte,2
hispanoamericana,2
perception,2
experimental,2
dakota,2
inquiry,2
caribbean,2
odra,2
baltic,2
nowi,2
dni,2
obsidian,2
donne,2
jge,2
oceania,2
october,2
frg,2
knjizevnost,2
orizont,2
knygotyra,2
va,2
romana,2
lili,2
licorne,2
libri,2
makedonika,2
librarium,2
liberté,2
lb,2
maledicta,2
mallorn,2
mana,2
manscriptum,2
manuscripta,2
manuscripts,2
periodico,2
letterato,2
marianum,2
massachusetts,2
linguist,2
maia,2
livre,2
lithuania,2
derrresgesellschaft,2
litteraria,2
littératures,2
lituanus,2
states,2
living,2
london,2
eesti,2
vilnius,2
maatstaf,2
ensayistas,2
unterricht,2
lucero,2
lud,2
comité,2
criterion,2
computing,2
luther,2
public,2
matatu,2
material,2
kortárs,2
minos,2
missouri,2
kunapipi,2
horisont,2
berlin,2
forskning,2
litteratur,2
korunk,2
sprachforschung,2
milton,2
niederdeutsche,2
vereinsr,2
korrespondenzblatt,2
kontekst,2
internazionale,2
medievali,2
mladika,2
mln,2
langages,2
miscellany,2
pioneer,2
latomus,2
mawazo,2
leshonenu,2
meanjin,2
mededelingen,2
lendemains,2
legacy,2
naamkunde,2
latines,2
latinitas,2
langs,2
department,2
languesolatines,2
merkur,2
mester,2
meta,2
metmenys,2
michigan,2
midamerica,2
dialettologia,2
årsskrift,2
utah,2
altertumswissenschaft,2
renascence,2
svizzera,2
società,2
representations,2
section,2
restant,2
orientalia,2
hispánicos,2
st,2
field,2
louis,2
feminaria,2
faulkner,2
fataburen,2
interamericana,2
lsp,2
fachsprache,2
fantasy,2
extrapolation,2
relc,2
letteren,2
reinardus,2
årsbokr,2
glottodidactica,2
giornale,2
studiekamraten,2
quimera,2
henry,2
genre,2
raduga,2
genders,2
gardar,2
illinois,2
applicata,2
storica,2
razgledi,2
fróðskaparrit,2
studiesquarterly,2
theologie,2
francographies,2
foxfire,2
portuguesa,2
exemplaria,2
bazmavep,2
eos,2
equivalences,2
epos,2
kai,2
tes,2
kentrou,2
spoudon,2
hetaireias,2
commentarii,2
roman,2
philologica,2
varieties,2
today,2
es,2
manuscript,2
romanica,2
romanische,2
song,2
romantisme,2
eranos,2
suecana,2
arméniennes,2
nordic,2
eutopias,2
théâtre,2
euphorion,2
anciennes,2
germaniques,2
classiques,2
ethology,2
dethnologie,2
scandinavica,2
escritura,2
aplicada,2
roumaine,2
rheinisches,2
teatro,2
estreno,2
rhetorica,2
esq,2
crítica,2
gnomon,2
psychological,2
osmayor,2
processes,2
parnassos,2
parnassus,2
pr,2
pasaa,2
linguistici,2
pennsylvania,2
verri,2
veltro,2
portico,2
moderne,2
idee,2
pequod,2
icarbs,2
ibla,2
performing,2
om,2
meddelelser,2
resources,2
peritia,2
parnasso,2
parabola,2
indonesia,2
palimpsest,2
iranian,2
overland,2
iqbal,2
inti,2
pacific,2
sozialgeschichte,2
paideuma,2
paintbrush,2
literacki,2
seventeenth,2
ifr,2
insula,2
historiikrytyce,2
occasional,2
pl,2
ästhetik,2
inklings,2
linformation,2
persuasions,2
philippine,2
pen,2
grial,2
descriptive,2
hjas,2
hamlet,2
halcyon,2
prapor,2
pretext,2
gymnasium,2
leeds,2
profession,2
heidelberger,2
plains,2
great,2
promeny,2
prooftexts,2
prospects,2
gratia,2
psychiatry,2
grani,2
electronic,2
postmodern,2
philobiblon,2
issues,2
humanistica,2
kypros,2
horizontes,2
ideas,2
phoenix,2
lhistoire,2
ploughshares,2
plural,2
pmla,2
philologikon,2
hispania,2
hermes,2
posie,2
james,2
romanticism,2
periodikon,2
poetica,2
historikon,2
linguistiquenérale,2
islandica,2
instituto,2
practice,2
john,2
polskiego,2
towarzystwa,2
bulgarski,2
polonaise,2
ale,2
amerikastudienamerican,2
stevens,2
focus,2
assaph,2
twentieth,2
barroco,2
wallace,2
dei,2
assays,2
waiguoyu,2
accademia,2
santa,2
ezik,2
approaches,2
anthropologica,2
agenda,2
agora,2
din,2
collector,2
vsesvit,2
biuletyn,2
angelicum,2
travessia,2
byzantines,2
wissenschaften,2
daily,2
bitzaron,2
thalia,2
vivarium,2
byron,2
zbirnyk,2
misiachnyk,2
bungaku,2
balcanica,2
literara,2
mizhvidomchyi,2
ciencias,2
istorie,2
lingvistica,2
atti,2
textus,2
ukraïnske,2
gesellschaftswissenschaftliche,2
rendiconti,2
target,2
africana,2
antonianum,2
vitchyzna,2
serie,2
lacadémie,2
sound,2
blake,2
torre,2
anglia,2
vwa,2
vuelta,2
vinduet,2
ditalianistica,2
americas,2
kritikai,2
al,2
siècles,2
qantara,2
academia,2
work,2
alaluz,2
poesia,2
lingueletterature,2
tulimuld,2
babel,2
tradisjon,2
av,2
irodalmi,2
vij,2
athanor,2
tristania,2
literaria,2
viator,2
twaynes,2
ca,2
unlimited,2
instituta,2
swedish,2
yiddish,2
hispanique,2
collections,2
topic,2
surfaces,2
articles,2
annuaire,2
stvaranje,2
short,2
knjizevnostkulturu,2
bokvännen,2
tennessee,2
athenaeum,2
akzente,2
tessera,2
baltistica,2
ukraïnskoho,2
sudetenland,2
sumlen,2
folyóirat,2
svoboda,2
hefte,2
alföld,2
philosophischhistorische,2
reviewla,2
dhumanisme,2
hardy,2
israel,2
zeta,2
zbornik,2
aurora,2
fennicae,2
courier,2
monde,2
archivum,2
records,2
bibliotheca,2
thesaurus,2
thesaurismata,2
theoria,2
anais,2
topics,2
théorie,2
tristan,2
archivs,2
amstelodamum,2
unilit,2
bibliografica,2
synthesis,2
australasian,2
aumla,2
amsterdam,2
eichendorff,2
ausblick,2
bergomum,2
scholar,2
humanarum,2
ethnographica,2
temenos,2
bestia,2
biblio,2
ariel,2
hungaricae,2
zivot,2
den,2
civica,2
bibliofilia,2
tlalocan,2
late,2
amsterdamer,2
umanità,2
afrika,2
sources,2
information,2
varia,2
tirade,2
street,2
belfagor,2
arielreview,2
klasse,2
storico,2
toimituksia,2
tropelías,2
humaines,2
augustinus,2
arthurian,2
augustinianum,2
arv,2
amerikanistik,2
beckett,2
tamarack,2
anglistische,2
arabica,2
verbatim,2
finland,2
coast,2
traditio,2
aevum,2
estudos,2
cadernos,2
storiche,2
linguistiche,2
alif,2
byzantion,2
beckettiana,2
classe,2
gll,2
sitzungsberichte,2
synthese,2
talisman,2
arbor,2
triveni,2
glottologico,2
bijdragen,2
belaruskaia,2
als,2
thr,2
ages,2
ulula,2
periodicals,2
africaines,2
voprosy,2
years,2
vagant,2
literaturgeschichte,2
bikoret,2
tohogaku,2
vergleichende,2
arcadia,2
uparshanut,2
tohoku,2
straniere,2
gakkai,1
spilky,1
onsei,1
oge,1
orhan,1
vroomheid,1
pysmennykiv,1
nederlanden,1
stsl,1
kaihô,1
linguis,1
ortnamnssällskapetsuppsala,1
vr,1
ouå,1
destinati,1
student,1
romanicis,1
explorandis,1
ogk,1
ogs,1
helvetici,1
olr,1
osp,1
vox,1
pcp,1
românia,1
socialista,1
republica,1
scriitorilor,1
os,1
ob,1
bild,1
ord,1
ol,1
orbis,1
inozemnoï,1
ot,1
oralh,1
oralhr,1
literaturnomystetskyi,1
ontarior,1
ontario,1
revistauniunii,1
okt,1
ukraïny,1
tovarystva,1
zhurnalthe,1
wgcr,1
novz,1
nt,1
wb,1
kulturwissenschaften,1
nueva,1
revisita,1
filologhispánica,1
nrfh,1
nuovi,1
argomenti,1
narg,1
nyelvtudományizlemények,1
weimarer,1
wstu,1
nk,1
objects,1
mondes,1
novyi,1
novelforum,1
nrf,1
librairie,1
noq,1
nwr,1
norwegianamerican,1
queries,1
nq,1
nling,1
wal,1
notre,1
afrique,1
nouvelle,1
caraïbes,1
océan,1
indien,1
nlib,1
westerly,1
nfs,1
nms,1
westerlyquarterly,1
musde,1
weber,1
opling,1
kraïnamy,1
americancanadian,1
olifant,1
myru,1
rady,1
pismo,1
ukraïnskoï,1
nazewnictwu,1
geograficznemuosobowemu,1
erfdeel,1
rencesvals,1
algemeennederlands,1
tweemaandelijks,1
cultureel,1
zviazkivzarubizhnymy,1
druzhbykulturnykh,1
onse,1
geestelijk,1
erf,1
vyzvolnyi,1
olifantpublication,1
wascanar,1
laception,1
wascana,1
oceanic,1
special,1
olsp,1
wwqr,1
whitman,1
walt,1
wsjour,1
oc,1
oenews,1
celtique,1
ohr,1
vyzsh,1
opdt,1
oktiabr,1
buffalo,1
path,1
shliakhliberation,1
vlit,1
papiere,1
paideiafs,1
vja,1
empirical,1
poeticsj,1
pot,1
post,1
script,1
posts,1
vyv,1
espiritu,1
verdadvida,1
pmc,1
pmdns,1
powys,1
prev,1
jezykoznawcze,1
panpj,1
vlt,1
jezykoznawstwa,1
pkj,1
slowianoznawstwa,1
panpks,1
trap,1
light,1
prague,1
mathematical,1
pbml,1
veröffentlichungen,1
abteilungr,1
slavische,1
moskovskogo,1
pew,1
vetenskapssocietetenlund,1
phoenixk,1
canadarevue,1
vmu,1
phoenixc,1
filologiia,1
phylonreview,1
race,1
phylon,1
universiteta,1
vestnik,1
osteuropainstituts,1
excelsior,1
voei,1
pn,1
pnr,1
pneumatike,1
pky,1
universitberlin,1
poe,1
dark,1
poes,1
slavisches,1
velvet,1
veaw,1
rhetorical,1
qi,1
quarterlycanadian,1
ptfs,1
prf,1
toronto,1
economic,1
uncsgll,1
newspaper,1
uncscl,1
pubhist,1
prq,1
umse,1
dipartimento,1
pps,1
ulr,1
universita,1
ukphs,1
genova,1
humanistic,1
qdllsm,1
bologna,1
qfg,1
iberoamericani,1
attualità,1
penisola,1
utq,1
philogical,1
vagartha,1
uralaltaische,1
vargartha,1
plplslhs,1
pmhs,1
ptrsc,1
usll,1
costumanze,1
arte,1
uaj,1
nordeurasien,1
pst,1
jahrbücheruralaltaic,1
interpersonal,1
pompa,1
biological,1
ucrow,1
crow,1
upstart,1
psyb,1
psychologr,1
transnational,1
uel,1
uominilibri,1
pubcult,1
pads,1
westquarterly,1
vslå,1
ppr,1
myth,1
pbsc,1
vlang,1
pfscl,1
literate,1
critics,1
pll,1
northeast,1
textlinguistikpapers,1
textlinguistics,1
ptext,1
involved,1
concerned,1
canadacahiers,1
periodikonliterary,1
parnassosl,1
visible,1
partisan,1
seura,1
kotikielen,1
thailand,1
viritt,1
patmabanasirakan,1
handes,1
vwm,1
bibliographique,1
pbsa,1
pbh,1
kwartalne,1
ezra,1
pound,1
moscow,1
translations,1
palabrael,1
hombre,1
veracruzana,1
ph,1
iazykoznaniia,1
volksleven,1
czasopismo,1
vi,1
pscl,1
images,1
voix,1
slowianski,1
paslow,1
teatralny,1
teatru,1
pat,1
panjab,1
purba,1
contrastive,1
intellectual,1
istorikofilologiceskii,1
woolf,1
phenomenological,1
vchrist,1
vpr,1
vn,1
psm,1
vlc,1
eine,1
buch,1
graphiksammler,1
româneasca,1
viata,1
pq,1
philologike,1
pk,1
vp,1
christianorum,1
philologus,1
pzka,1
phq,1
phr,1
analytic,1
vetera,1
phs,1
philosophisches,1
friberg,1
pjgg,1
phsr,1
sociological,1
pf,1
perceptual,1
pmhb,1
vqr,1
pensrevue,1
discussion,1
rationalisme,1
reviewnational,1
vc,1
pens,1
cavalcade,1
psychophysics,1
pp,1
motor,1
vs,1
skills,1
pms,1
partsj,1
victorians,1
vigc,1
christianaereview,1
personhistorisk,1
pht,1
vigiliae,1
jane,1
austen,1
noef,1
nietzsche,1
nhls,1
gathering,1
yiddishe,1
mknal,1
nijmeegse,1
yea,1
centrale,1
yer,1
yeates,1
mncdn,1
yls,1
scandinavia,1
mscan,1
ms,1
langland,1
afdeling,1
mrde,1
mrts,1
medievalia,1
yis,1
mh,1
medium,1
ævum,1
memoirs,1
yes,1
toyo,1
bunko,1
mrd,1
reeks,1
wetenschappen,1
mfcg,1
theaterwissenschaft,1
mss,1
rodzajliterackich,1
marbacher,1
magazin,1
marm,1
zagadnienia,1
mark,1
twain,1
mtj,1
zr,1
maske,1
kothurn,1
muk,1
yk,1
pitanja,1
kulturudrustvena,1
mr,1
zadarska,1
filmtidsskrift,1
zdfalp,1
mcul,1
artystycznychliteraturze,1
makerere,1
dziejform,1
faculties,1
koninklijke,1
mc,1
ycgl,1
menckenianaquarterly,1
verbandes,1
yulg,1
gazette,1
yr,1
mfsj,1
missr,1
orientgesellschaft,1
yjlh,1
mdog,1
eta,1
hoffmanngesellschaftbamberg,1
ev,1
mhg,1
yjc,1
menckeniana,1
deutscher,1
yfs,1
traethodyddtraethodydd,1
xus,1
xavier,1
anglisten,1
wlwe,1
written,1
wlt,1
todayliterary,1
mvda,1
forschungsbeiträge,1
missq,1
miscmed,1
miscellanea,1
egea,1
europäisches,1
denken,1
traducteurstranslators,1
ytm,1
traditional,1
academician,1
micha,1
mqr,1
midamerican,1
marev,1
ywmls,1
ywes,1
mq,1
mmisc,1
miltonq,1
miltons,1
minas,1
gerais,1
suplemento,1
literário,1
mgsl,1
mindquarterly,1
mind,1
minnesota,1
minnr,1
woprosy,1
literaturnych,1
zanrovles,1
ludoznawczegokomitetu,1
lore,1
lorel,1
los,1
literackie,1
lost,1
generation,1
lgj,1
lovecraft,1
lst,1
zeszyty,1
zv,1
gesvolkskunde,1
etnologicznych,1
maal,1
halbjahreschrift,1
akademiiorgane,1
zs,1
ethnologiques,1
lusobrazilian,1
slawistik,1
lbr,1
zrp,1
zof,1
luthergesellschaft,1
lutherjahrbuch,1
mitteleuropa,1
loominge,1
kuukiri,1
liidu,1
kirjanike,1
znamenje,1
auftrage,1
ljgg,1
litterae,1
slovenicaeslovene,1
littslov,1
metodologia,1
humanistyka,1
antika,1
litt,1
ziva,1
zd,1
author,1
angewandte,1
lbl,1
lletra,1
canvi,1
ldc,1
unterrichtsmethodik,1
lrb,1
times,1
tls,1
looming,1
zielsprache,1
zl,1
ljb,1
minne,1
române,1
verbal,1
danashgahe,1
ferdowsi,1
zfsl,1
mdam,1
französische,1
zdl,1
makedonski,1
dialektologie,1
jazik,1
mj,1
zda,1
altertum,1
aggression,1
mm,1
zdp,1
tolkein,1
zaa,1
zrl,1
mankind,1
manq,1
genres,1
trimestriala,1
editata,1
muzeul,1
problèmes,1
literaturii,1
ensanie,1
zg,1
olumee,1
zgl,1
östlichen,1
macedonian,1
macr,1
machine,1
macht,1
maglitt,1
magyarnyvszemlenyvtörténeti,1
folyóiratrevue,1
undlker,1
presse,1
mk,1
ostforschungnder,1
nyelv,1
mny,1
nyelvjsok,1
mnyj,1
nyelvmagn,1
zfk,1
classiche,1
majallehye,1
catalans,1
daneshkadhye,1
adabiyyate,1
destudis,1
katalanistik,1
cusanusgesellschaft,1
mittellateinisches,1
northholland,1
sociophilologiquebulletin,1
willa,1
comparationis,1
universarum,1
neophililogus,1
neophil,1
rundschau,1
nrs,1
wzks,1
vierteljahreszeitschriftr,1
erziehung,1
nsammlung,1
neuphilologische,1
indische,1
negcap,1
kundedasiens,1
neusprachliche,1
nsm,1
wsj,1
slavistisches,1
newc,1
quarterlyhistorical,1
neq,1
nerms,1
wbep,1
netj,1
ngc,1
memorial,1
capability,1
mediävistikinternational,1
nathaniel,1
mary,1
nsov,1
nashriyyehye,1
daneshkadehye,1
adabiyyat,1
olume,1
wcpmn,1
ensaniye,1
tabriz,1
ndat,1
community,1
nr,1
hawthorne,1
negative,1
nhr,1
nationalities,1
natp,1
nllt,1
naucni,1
sastanak,1
slavistavukove,1
dane,1
nssvd,1
nea,1
poreia,1
np,1
newl,1
englischen,1
wadl,1
tromsø,1
ncp,1
nineteenth,1
nctr,1
nord,1
nytt,1
folkelivsforskning,1
nny,1
wt,1
beweging,1
nordfriesisches,1
nfj,1
njl,1
norsktterårbok,1
nlh,1
gebied,1
nlå,1
op,1
tijdingen,1
wetenschappelijke,1
wws,1
whr,1
ncarf,1
nchr,1
uncsrll,1
wf,1
ndq,1
wicazo,1
ncf,1
ncfs,1
ncc,1
mexico,1
nmhr,1
orleans,1
wan,1
americanist,1
ntq,1
welsh,1
nwrev,1
anglefilm,1
nyrb,1
newberry,1
nlchaibs,1
nads,1
niederdeutsched,1
wide,1
wsar,1
niederdeutschen,1
ndw,1
niederdeutsches,1
nj,1
hartford,1
nietzscheforschung,1
nietzsches,1
sa,1
contexts,1
sovremennik,1
nash,1
quarterlymagazine,1
wp,1
enquiry,1
mlj,1
mlq,1
mlr,1
verbalvisual,1
mls,1
image,1
phililogy,1
mp,1
sprstockholm,1
mspr,1
ws,1
kulturni,1
wolfenbüttelerb,1
problemi,1
monatshefter,1
monatshefte,1
wgy,1
wlang,1
msas,1
wsa,1
psseas,1
mml,1
monumenta,1
nipponica,1
mn,1
ways,1
mhrads,1
dissertations,1
mhl,1
wd,1
etudesdiévalesrivista,1
dimensions,1
sociohistorical,1
mitj,1
days,1
wpl,1
classica,1
batava,1
etesion,1
wc,1
epi,1
wordsworth,1
neoterou,1
hellenismou,1
mnemosynea,1
agequarterly,1
moda,1
austrian,1
wways,1
mal,1
recreational,1
mcl,1
md,1
mfs,1
aufklärung,1
august,1
wmq,1
nte,1
mbmrf,1
mszs,1
wwort,1
lehre,1
untersuchungen,1
mtudlm,1
nku,1
forschung,1
wirkendes,1
wpo,1
tvorchist,1
etnohrafiia,1
portfolio,1
mount,1
num,1
narodno,1
stvaralastvo,1
folklor,1
winterthur,1
nstv,1
wcwr,1
nje,1
nase,1
williams,1
carlos,1
nrec,1
mediävistikrenaissanceforschung,1
humboltuniversitzu,1
yisraelmonthly,1
bemedinat,1
olive,1
herzog,1
mor,1
schätzen,1
naukovoteoretychnyi,1
viddilennia,1
wbn,1
barocknachrichten,1
movymystetstvoznavstva,1
wzur,1
wilhelmpieckuniversitrostock,1
wzuh,1
sprachwissenschaftliche,1
gesellschafts,1
universithallewittenberg,1
mov,1
martinluther,1
moyen,1
wzub,1
âge,1
ma,1
yarhon,1
agudat,1
hasoferim,1
haivrim,1
hsl,1
rannam,1
ibericaamerica,1
sls,1
syracuse,1
littéraireclainescu,1
comparet,1
roumain,1
methodology,1
epistemology,1
sinn,1
form,1
sos,1
suf,1
norsk,1
mensile,1
dello,1
spettacolo,1
sirp,1
segn,1
syn,1
vasar,1
sjv,1
wien,1
klasseaw,1
symposium,1
sixteenth,1
symposiumquarterly,1
scj,1
associates,1
szinhtheatre,1
skírnirmarit,1
theatrical,1
vincent,1
edna,1
sterne,1
tet,1
bernard,1
shawr,1
tongval,1
washington,1
tpa,1
lee,1
sinologie,1
pao,1
sight,1
sights,1
toung,1
xxth,1
tai,1
automatique,1
sigma,1
anglaiselinguistiquenérale,1
traitement,1
tinformations,1
sig,1
szinh,1
sign,1
soå,1
hins,1
schweizer,1
slsf,1
folkliv,1
slovlit,1
preskum,1
slovenského,1
jazyka,1
slrec,1
svenskt,1
divadlo,1
dramatických,1
umení,1
sdi,1
pohlady,1
literatúruumenie,1
slovp,1
slovoslovesnost,1
landsmoch,1
suvl,1
lingvistika,1
sas,1
suvremena,1
staroslavenskog,1
zavodazagrebu,1
sus,1
storozhi,1
susquehanna,1
literárnu,1
svensklärarföreningens,1
íslenskakmenntafélags,1
pre,1
placename,1
skírnir,1
årsskriftthe,1
ortnamnssällskapets,1
sydsvenska,1
slovanskou,1
spell,1
swiss,1
sbr,1
orientalis,1
slor,1
seea,1
seej,1
eurasian,1
slavr,1
slavisticna,1
slr,1
seer,1
sahq,1
swedishamerican,1
slovs,1
slovenskýrodopis,1
slovn,1
slfå,1
literatúra,1
millay,1
tamkang,1
tkr,1
texto,1
tlf,1
isländskallskapets,1
sci,1
theth,1
hethiter,1
tuk,1
tpq,1
relatives,1
aux,1
manuscritsinternational,1
secol,1
secolb,1
tsll,1
secolas,1
secolasa,1
texasr,1
secolul,1
sxx,1
slre,1
tesolq,1
tesol,1
tlit,1
hebraicos,1
textoteoria,1
sefardiesde,1
lo,1
scripta,1
tarbizquarterly,1
crítico,1
kulturpolitik,1
gesellschaftr,1
sv,1
schweizerisches,1
sav,1
scec,1
fictionreview,1
medien,1
speculative,1
sfic,1
sciencefiction,1
theaterzeitschrift,1
sfs,1
bible,1
sgs,1
scotl,1
sclj,1
scs,1
sts,1
kit,1
catsnews,1
pope,1
texp,1
swift,1
tcrit,1
teorlitéraria,1
te,1
teologespiritual,1
trb,1
silvaaceves,1
drugie,1
svdi,1
teksty,1
tso,1
scen,1
seventeenthcentury,1
scn,1
sewanee,1
sr,1
crítcas,1
shakb,1
shn,1
sq,1
ediciones,1
albuquerque,1
shaks,1
tokyo,1
tdrev,1
tdr,1
shstud,1
production,1
shs,1
tarbiz,1
laurence,1
mariano,1
literaturykrytykainterpretacja,1
vocabulariosdiccionarios,1
università,1
oriente,1
proximo,1
tennyson,1
tstl,1
tfsb,1
université,1
fribourg,1
suissestudien,1
universitfreiburg,1
schweizstuditesti,1
filologialetteratura,1
tm,1
demiotique,1
friburgo,1
temps,1
sweden,1
norway,1
denmark,1
presented,1
bibliographies,1
sbll,1
reports,1
sriela,1
tekstyd,1
sns,1
spsy,1
informationinformation,1
sponsored,1
stgri,1
ispanoamericana,1
selit,1
slia,1
studiproblemi,1
testuale,1
spct,1
sellsg,1
studisaggi,1
sesl,1
seinan,1
francescani,1
secl,1
secc,1
culturalereligiosacura,1
frati,1
minori,1
sfran,1
francesi,1
sdl,1
stcs,1
germanici,1
stg,1
italiani,1
satirecreative,1
sgllc,1
grammatica,1
religionsciences,1
sfi,1
spirituality,1
philologists,1
puritan,1
sp,1
stms,1
smell,1
stq,1
stendhal,1
club,1
stendhaliennes,1
nouvellerie,1
sc,1
stimmen,1
zeit,1
sz,1
stockholm,1
ssel,1
slapc,1
slang,1
foundations,1
danteschi,1
sd,1
annuale,1
dellaccademia,1
crusca,1
teorica,1
silta,1
smed,1
mediolatinivolgari,1
sfenl,1
hibernica,1
sh,1
iranica,1
studiai,1
islamica,1
stisl,1
íslenzk,1
fræstudisl,1
studiermodern,1
sl,1
stbot,1
bogazköytexten,1
logica,1
symbolic,1
slog,1
monastica,1
stm,1
neophilologica,1
sn,1
sph,1
ssash,1
finlandensia,1
ssfin,1
staropolskie,1
språkvetenskap,1
sfenf,1
folkloristica,1
str,1
smv,1
scl,1
sro,1
literatureetudes,1
secenteschi,1
sse,1
boccaccio,1
sbhc,1
sboc,1
browning,1
trentini,1
sb,1
sms,1
anglica,1
posnaniensia,1
sajl,1
stah,1
saf,1
sap,1
sad,1
stc,1
sal,1
ethnologica,1
sfene,1
spas,1
stss,1
sociales,1
southerly,1
sant,1
shr,1
antropologiantropologifinland,1
sks,1
slj,1
soq,1
baton,1
rouge,1
sor,1
adelaide,1
sora,1
sost,1
sjl,1
swr,1
sovetish,1
heymlandsovetskaia,1
kirjallisuuden,1
suomalaisen,1
folkmusikforskning,1
vis,1
substance,1
rodina,1
substancereview,1
ezhemesiachnyi,1
literaturnokhudozhestvennyi,1
sfolk,1
southerlyreview,1
sgers,1
suplementos,1
ssi,1
stext,1
ssmln,1
sophiat,1
ses,1
sezik,1
barbara,1
scul,1
chrétiennes,1
sch,1
languagessuidafrikaanse,1
jazykoznaniecontrastive,1
ezikoznaniesopostavitelnoe,1
supostavitelno,1
afrikatale,1
sajal,1
supa,1
intelectual,1
trabajo,1
saq,1
materiales,1
soar,1
scr,1
screv,1
sdr,1
sovh,1
soviet,1
sovl,1
sag,1
sitz,1
datenverarbeitung,1
imagination,1
data,1
processing,1
sdv,1
sar,1
litteraturwissenschaft,1
sac,1
sslp,1
sprachspiegel,1
schweizerische,1
ssgl,1
ssf,1
ssla,1
acquisition,1
muttersprache,1
spsp,1
sprachwiss,1
sir,1
utgiven,1
src,1
canadiennea,1
språknämnden,1
religieuses,1
zeitalter,1
sliti,1
technischen,1
stwf,1
artium,1
stuttgarter,1
sart,1
stcl,1
lingvistice,1
neerlandistiek,1
studii,1
spenser,1
svec,1
studiesrenaissance,1
voltaire,1
weird,1
snnts,1
sst,1
spicilegio,1
moderno,1
spm,1
sttcl,1
spiegel,1
literatuurgeschiedenis,1
literatuurwetenschap,1
spl,1
spiritmagazine,1
spirit,1
tzs,1
ssg,1
latina,1
literaturescholarly,1
united,1
teas,1
mo,1
reh,1
história,1
rdh,1
teorie,1
tswl,1
ritl,1
tulsa,1
occidente,1
ro,1
ajakiri,1
respl,1
rhm,1
iberoamericana,1
kultuuri,1
ri,1
kirjanduse,1
bibliografiainteramerican,1
thjcs,1
hua,1
rib,1
rlet,1
rpf,1
tusas,1
tcl,1
revistareview,1
rehpr,1
semiotische,1
geesteswetenskappe,1
teorievorming,1
tekstenreview,1
theories,1
tw,1
th,1
rectr,1
rev,1
rcf,1
res,1
rnl,1
canadiense,1
twórczosc,1
rceh,1
canaria,1
ingleses,1
rcei,1
rcll,1
dialectology,1
tradiciones,1
populares,1
rdtp,1
hispánicoso,1
piedras,1
rpfilos,1
revi,1
canadahistoire,1
rplha,1
appliqurevpl,1
reanc,1
triq,1
rearmns,1
grecques,1
reg,1
islamiques,1
reisl,1
triquarterly,1
italiennes,1
rei,1
relat,1
rlr,1
histoire,1
idées,1
rlm,1
rsh,1
francophone,1
louisiane,1
trcierec,1
lexpression,1
rfdl,1
revuenérale,1
interdisciplinaire,1
rg,1
phonétique,1
rmm,1
signos,1
morale,1
lengualiteratura,1
rsv,1
tsing,1
hayagitakanbanasirakangrakan,1
handesrevue,1
comparada,1
literaturaliteratura,1
belge,1
dhistoirebelgisch,1
filologie,1
rbph,1
revuenédictine,1
rb,1
rht,1
ecclésiastique,1
rhe,1
franrhl,1
lacla,1
caal,1
racla,1
dottawauniversity,1
ottawa,1
ruo,1
comparrlc,1
detaphysique,1
recente,1
tvg,1
rals,1
unitas,1
qf,1
unitasquarterly,1
rajasthan,1
ues,1
ruseng,1
rare,1
librarianship,1
rbml,1
raritanquarterly,1
unisa,1
raritan,1
rli,1
umma,1
rila,1
original,1
risorgimento,1
rsr,1
ummamagazine,1
spisanie,1
umetnostkultura,1
razy,1
fe,1
ryf,1
lettersliberal,1
uf,1
futurus,1
universitas,1
tvl,1
quondam,1
ufmh,1
qia,1
veneti,1
qven,1
florida,1
udr,1
quantitative,1
qling,1
qjs,1
video,1
qrfv,1
queens,1
qq,1
queensland,1
qsgll,1
quellen,1
germanischenlker,1
qfsk,1
qui,1
parle,1
qpar,1
dayton,1
quinzaine,1
ql,1
univ,1
rw,1
rpsych,1
rrq,1
ulster,1
reformationrenaissance,1
etforme,1
renr,1
renb,1
rend,1
rms,1
renm,1
renp,1
renq,1
renst,1
value,1
lombardo,1
scienzelettere,1
respublikanskyi,1
ril,1
renditionschineseenglish,1
renditions,1
literaturoznavstvo,1
república,1
rletras,1
ral,1
opportunities,1
rord,1
ukrr,1
uq,1
rl,1
ulz,1
naukovyi,1
regensburger,1
nordaméricaines,1
stusta,1
religieuse,1
rechsr,1
ukri,1
rger,1
lencyclopédie,1
rdide,1
parlé,1
rfp,1
reedn,1
reiheuntersuchungen,1
renardienne,1
rbsl,1
istoryk,1
studiesnewfoundland,1
ukraïnskyi,1
rls,1
ukrmov,1
siegen,1
medienwissenschaft,1
rsieg,1
reynard,1
societyannuaire,1
cierec,1
tralit,1
rqdl,1
rjs,1
rubezhom,1
dexico,1
culturas,1
rjr,1
sacred,1
heart,1
shur,1
sacris,1
erudiri,1
jaarboek,1
godsdienstwetenschappen,1
conocimiento,1
sace,1
sagescholarly,1
sage,1
sagetrieb,1
el,1
poets,1
para,1
fuentes,1
imagistobjectivist,1
sagetriebio,1
saint,1
slrj,1
tntl,1
iazyk,1
daigaku,1
ruperto,1
metodicheskii,1
carola,1
universitätshefte,1
tools,1
rc,1
tsj,1
tolstoy,1
serbian,1
czech,1
slovak,1
polish,1
rcscspl,1
rlj,1
rusling,1
russia,1
past,1
rusr,1
esell,1
istorikoliteraturnyi,1
rlit,1
eibungaku,1
rech,1
nauchnopopuliarnyi,1
rusre,1
ronshu,1
iazykshkole,1
tfl,1
litteraturvetenskap,1
svensk,1
idea,1
themes,1
fakulty,1
ths,1
brnenské,1
rada,1
literárnevednspffbud,1
scanr,1
theatres,1
ss,1
scan,1
scandoslavica,1
tn,1
notebook,1
tj,1
pozorisnu,1
umetnost,1
dichtung,1
scholarly,1
thstud,1
publishers,1
schp,1
facsimiles,1
reprints,1
thic,1
theodorstormgesellschaft,1
filosofické,1
thd,1
sbornprací,1
sjs,1
thoughtreview,1
tsb,1
thoreau,1
litteraturvetenskaplig,1
metzler,1
twn,1
sm,1
samtiden,1
politikk,1
samfunnsspørsmsamtiden,1
josé,1
wolfe,1
carocuervo,1
thms,1
thomasmannstudien,1
tmj,1
kielen,1
mann,1
thy,1
thj,1
thirdr,1
railreview,1
artists,1
movement,1
tillage,1
ruchl,1
théorique,1
twa,1
wisconsin,1
rccm,1
tps,1
thsc,1
cymmrodorion,1
estetica,1
rde,1
neoscolastica,1
rfns,1
honourable,1
tgsi,1
modernecomparate,1
rlmc,1
inverness,1
rdling,1
storialetteratura,1
religiosa,1
rslr,1
bizantinineoellenici,1
rsbn,1
rsital,1
lingue,1
dialetti,1
rid,1
rsi,1
classicamedievale,1
rdso,1
ruch,1
orientali,1
appliquraql,1
romane,1
tl,1
revr,1
rrl,1
thomiste,1
doctrinale,1
théologie,1
rthom,1
rheinische,1
vierteljahrsblätter,1
rhv,1
trev,1
tyds,1
rjv,1
museumr,1
rmp,1
rhetrev,1
rsq,1
yorkshire,1
riverside,1
rq,1
dalmatics,1
rd,1
degli,1
rla,1
teóricaaplicada,1
tcbs,1
rlta,1
romg,1
tla,1
rf,1
em,1
romanistisches,1
rj,1
romanoslavica,1
romsl,1
trabalhos,1
tis,1
dixneuvième,1
sociolinguistics,1
liberal,1
room,1
ones,1
ownfeminist,1
roo,1
rozprawy,1
jezykowej,1
rkj,1
tt,1
agricultural,1
nordamericani,1
cultivation,1
implements,1
gandensia,1
rr,1
folkeminnevitskap,1
roco,1
rocky,1
mountain,1
rmr,1
tasj,1
tzi,1
historycznoliterackiej,1
narodopisje,1
rkh,1
slovensko,1
traditiones,1
orientalistyczny,1
slawistycznyrevue,1
romanic,1
slavistique,1
roslaw,1
orthodox,1
ancient,1
xxe,1
rvc,1
rllr,1
romn,1
rph,1
krq,1
ror,1
literaturwissenschaftliches,1
accademiebiblioteche,1
sssr,1
cjns,1
ethnic,1
studiesetudes,1
ethniques,1
cestudies,1
cfmb,1
cfmj,1
canadien,1
cfolkc,1
cjas,1
cjis,1
cjits,1
cjl,1
netherlandic,1
detudeserlandaises,1
cjphil,1
braunschweiger,1
canl,1
vivantes,1
cmlr,1
documents,1
canpo,1
crevas,1
literaturerevue,1
comparcrcl,1
csp,1
ctr,1
actes,1
aixois,1
cardozo,1
csll,1
cass,1
canadianamerican,1
cimm,1
quadrimenstrale,1
desthétique,1
crel,1
saintjohn,1
perse,1
csjp,1
simone,1
weil,1
csw,1
victoriens,1
edouardiens,1
victoriemmes,1
edouardiennes,1
paul,1
valéry,1
montpellier,1
cve,1
calss,1
cals,1
celtic,1
cmcs,1
cq,1
csf,1
cslail,1
camera,1
obscura,1
feminism,1
camobsc,1
campi,1
immaginabili,1
carleton,1
cpals,1
carlyle,1
ceská,1
champs,1
signe,1
stylistique,1
chsigne,1
chaur,1
crev,1
chicago,1
chir,1
cd,1
cltt,1
division,1
childl,1
claq,1
culturequarterly,1
chc,1
chinl,1
clear,1
csr,1
christianity,1
chronique,1
degypte,1
chre,1
chushikoku,1
salit,1
chugoku,1
ho,1
cbunh,1
chungwai,1
cwlm,1
literární,1
clid,1
cann,1
casopisethnological,1
carte,1
cartei,1
casa,1
américas,1
casaa,1
moderní,1
cmf,1
departamento,1
castrum,1
peregrini,1
cpe,1
cathst,1
cauda,1
pavonis,1
hermeticism,1
caudap,1
boletinformativo,1
internacional,1
centennial,1
centr,1
periodical,1
archeology,1
casj,1
cieflb,1
mayascuadernos,1
cemc,1
cling,1
ceský,1
lidrodopisný,1
roumains,1
cnat,1
naturalistes,1
correspondance,1
bch,1
royale,1
barllf,1
rabelais,1
devinière,1
bar,1
guillaume,1
budé,1
bagb,1
américaine,1
bsaplf,1
angloaméricaines,1
xviie,1
xviiie,1
bseaa,1
paris,1
bslp,1
montaigne,1
bsam,1
théophile,1
gautier,1
bstg,1
ecclésiatique,1
ble,1
dandré,1
gide,1
baag,1
bh,1
marcel,1
hellénique,1
appliqubcila,1
bmp,1
interuniversitaire,1
brechtyearbookdas,1
brechtjahrbuch,1
brechtj,1
bridgessenegalese,1
studiesrevuenégalaise,1
bridges,1
brigham,1
young,1
byus,1
bja,1
bjp,1
blj,1
brontë,1
bst,1
brotéria,1
culturainformaçbrotéria,1
bucknell,1
reviewscholarly,1
bur,1
pri,1
bulgarskata,1
akademiia,1
naukite,1
bibliographie,1
arthurienne,1
bbsia,1
cila,1
organe,1
commission,1
proust,1
bb,1
cjg,1
ccrlh,1
mongoles,1
siberiennes,1
emong,1
civilisationdiévale,1
xexiie,1
ccm,1
caief,1
louvain,1
cdil,1
lexicologie,1
cdl,1
lusobrésiliencaravelle,1
cmhlb,1
russe,1
soviétique,1
cmrs,1
elisabéthains,1
cahierse,1
ferdinand,1
saussure,1
cfs,1
cahiersrard,1
nerval,1
cgn,1
internationaux,1
symbolisme,1
cis,1
jean,1
giraudoux,1
ceafr,1
crlhciraoi,1
bhs,1
ccon,1
cantiguerios,1
maria,1
bcsm,1
comediantes,1
bcom,1
rylands,1
manchester,1
bjrl,1
museum,1
far,1
antiquities,1
bmfea,1
psychonomic,1
bps,1
bsoas,1
bwvacet,1
bg,1
byronj,1
byzantinische,1
bz,1
byzantinoslavica,1
bsi,1
lingüísticos,1
cel,1
lingüísticateoria,1
da,1
cltl,1
charlesccv,1
confrontation,1
cinéma,1
tomista,1
publicacicuatrimestral,1
dq,1
seiner,1
wissenschaftlichen,1
grundlegung,1
islamischen,1
fremdsprache,1
deutschunterrichtsr,1
auslaender,1
daf,1
deutschslawische,1
namenkunde,1
siedlungsgeschichte,1
dsfns,1
shakespearegesellschaft,1
dsgw,1
dokumentation,1
dsp,1
dst,1
geistesgeschichte,1
dvlg,1
erforschung,1
daem,1
developmental,1
dp,1
devils,1
box,1
devb,1
historiqueinternationale,1
historische,1
diacriticsreview,1
deutschunterricht,1
denver,1
dialectes,1
degr,1
cha,1
neolatina,1
cn,1
cultcrit,1
anthropologyworld,1
canth,1
cbaa,1
cuyahoga,1
cuyahogar,1
theh,1
lawrence,1
dhlr,1
dadasurrealism,1
dada,1
dfs,1
dr,1
ds,1
dsards,1
mittlere,1
taalgids,1
neerlandici,1
ntg,1
vlg,1
degré,1
dsec,1
degrrevue,1
synthèse,1
à,1
orientationmiologique,1
diacritics,1
wallonie,1
mensual,1
warande,1
geestesleven,1
dwb,1
diliman,1
dilr,1
freudiennes,1
socialsocial,1
sociocritique,1
textesdiscourse,1
dssd,1
processesmultidisciplinary,1
dpr,1
iberamericanos,1
semióticosculturalesamerican,1
dissertation,1
abstracts,1
dai,1
divus,1
commentarium,1
philosophia,1
theologia,1
dt,1
dixhuitième,1
dhs,1
dixseptième,1
dss,1
documentosgenealogia,1
cientifica,1
documentosa,1
dstudies,1
belfort,1
dietsche,1
ddw,1
wo,1
dialog,1
miesiecznik,1
dramaturgii,1
wspolczesnej,1
teatralnej,1
filmowej,1
radiowej,1
telewizyjnej,1
dialogw,1
kulturo,1
dickens,1
dsa,1
emily,1
s,1
poet,1
dics,1
dictionary,1
dids,1
gesellschaftfrankfurter,1
fh,1
ns,1
unterrichtspraxis,1
slaven,1
halbjahresschriftr,1
slavistik,1
wsl,1
neuzeit,1
kunde,1
morganlandes,1
hispanica,1
hispanoamericanos,1
teológicos,1
neuropsychology,1
cpsy,1
sciencemultidisciplinary,1
artificial,1
intelligence,1
neuroscience,1
csci,1
colby,1
clq,1
collection,1
monographique,1
rodopi,1
cmrlfc,1
ccc,1
ce,1
claj,1
colll,1
colloquia,1
germanische,1
collg,1
colloquium,1
helveticum,1
suisses,1
comparéeschweizer,1
litteraturwissenschaftquaderni,1
svizzeri,1
generalecomparata,1
chelv,1
columbia,1
cuwpl,1
cogn,1
cogli,1
chlssf,1
coa,1
esteban,1
ct,1
cimarron,1
cimr,1
leading,1
politics,1
cinj,1
città,1
religione,1
artescienza,1
cv,1
ciudad,1
dios,1
agustiniana,1
cdd,1
claflin,1
ccr,1
literaturequarterly,1
cml,1
cj,1
classq,1
claudel,1
claudels,1
clio,1
clioi,1
detection,1
coat,1
arms,1
heraldic,1
commentationes,1
ces,1
cdp,1
convorbiri,1
conlit,1
making,1
edges,1
literaturesworld,1
cnlr,1
creative,1
forumquarterly,1
crf,1
crsurv,1
textsreview,1
critt,1
criticcritic,1
crit,1
crosscultures,1
readings,1
postcolonial,1
crossc,1
cross,1
currents,1
crosscurrents,1
crosscurrentsmodern,1
cmc,1
yorks,1
lewis,1
cslbull,1
americanos,1
investigacifilológica,1
cif,1
poética,1
literare,1
contrastives,1
cnie,1
leveloppement,1
comq,1
corev,1
ced,1
comm,1
brecht,1
cibs,1
acm,1
cacm,1
civilizations,1
ccrev,1
criticismyearbook,1
ccrit,1
compd,1
cls,1
compling,1
chum,1
conchsociological,1
booksliterary,1
crevb,1
cctep,1
culturaliteratura,1
debate,1
joseph,1
conrad,1
ibsen,1
cati,1
conl,1
contempr,1
enlightenment,1
baa,1
bslbzl,1
pisatelei,1
cuza,1
seccion,1
filologde,1
facultad,1
filosofialetras,1
anmal,1
sacra,1
tarraconensia,1
historicoeclesiasticas,1
balmesiana,1
anst,1
analele,1
stiintifice,1
universitatii,1
ali,1
iasi,1
brazilian,1
noualingvistica,1
asui,1
cervantinos,1
acer,1
contemporánea,1
alec,1
galdosianos,1
agald,1
analytical,1
enumerative,1
aeb,1
periodicum,1
pontificae,1
studiorum,1
malacitana,1
anbol,1
bollandiana,1
apsl,1
xxii,1
latal,1
xxiv,1
amlit,1
reviewreview,1
usa,1
amrev,1
amst,1
studiesmonograph,1
amstudies,1
amerykaukrainian,1
catholic,1
ameryka,1
amitié,1
charlesguy,1
dinformations,1
acp,1
amss,1
amssma,1
amsr,1
maandblad,1
kennis,1
orgaan,1
genootschap,1
amstel,1
sciencelibrary,1
lisl,1
abng,1
publikationen,1
universitatissancto,1
thoma,1
aquinate,1
scuola,1
superiore,1
pisa,1
asnsp,1
foscari,1
venezia,1
acf,1
istituto,1
universitario,1
orientale,1
napoli,1
sezione,1
romanza,1
aionsr,1
ansch,1
bhandarkar,1
abori,1
anyas,1
aral,1
anqquarterly,1
anq,1
anl,1
antq,1
documentacicientífica,1
anthroposs,1
antigonish,1
antigr,1
antioch,1
ar,1
anuar,1
normale,1
aflfp,1
englische,1
perugia,1
englischunterricht,1
ae,1
af,1
angloamerican,1
aaf,1
anglosaxon,1
ase,1
dissertationes,1
aasf,1
fennicaesuomalaisen,1
tiedeakatemian,1
aasfb,1
bretagne,1
pays,1
louest,1
anbret,1
faculté,1
yaoundéannals,1
faculty,1
yaounde,1
aflshy,1
midi,1
franceridionale,1
adm,1
adi,1
liceo,1
classicogaribaldi,1
palermo,1
alcgp,1
afrlit,1
xviii,1
genl,1
africain,1
africar,1
studidocumentazione,1
italoafricano,1
aar,1
afra,1
abpr,1
afrn,1
afrs,1
afrsr,1
afrws,1
bibliographic,1
afrlj,1
afrl,1
afrf,1
lafrique,1
ala,1
afrohispanic,1
ahr,1
johnsonscholarly,1
aj,1
aila,1
ailar,1
aiolika,1
grammata,1
aiolikag,1
akademiska,1
dzïve,1
adz,1
almanakh,1
africal,1
instituterevue,1
soiuzu,1
filologiche,1
abi,1
aeash,1
germanistenverbandes,1
imdlichen,1
actag,1
hafniensia,1
alh,1
universitatis,1
szegediensis,1
attilazsef,1
nominatae,1
sectio,1
linguisticanéprajz,1
nyelvtudományvolkskunde,1
ausel,1
laction,1
nationale,1
actn,1
adalbert,1
stifter,1
institut,1
landes,1
oberösterreich,1
vierteljahresschrift,1
asilo,1
ade,1
adeb,1
adfl,1
adflb,1
narodnoho,1
auns,1
xix,1
alr,1
amper,1
apr,1
psychologist,1
amp,1
aq,1
asch,1
sephardi,1
sephardic,1
program,1
yeshiva,1
amseph,1
speechquarterly,1
usage,1
amers,1
asint,1
transcendental,1
atq,1
translators,1
atas,1
studiesgermanic,1
rll,1
iii,1
compl,1
iv,1
ell,1
xii,1
slli,1
xiii,1
ling,1
amls,1
realism,1
narracionensayo,1
amlh,1
alba,1
américa,1
aldeam,1
muvelodési,1
aligarh,1
ajes,1
lalighieri,1
dantesca,1
alighieri,1
alizrevue,1
angliciste,1
launion,1
aliz,1
altro,1
polovolume,1
alp,1
amerasia,1
amasj,1
anthropologist,1
aa,1
benedictine,1
abr,1
abc,1
aiq,1
ajgll,1
psychoanalysis,1
ajp,1
semiotics,1
ajs,1
alil,1
anuario,1
filologicos,1
bibliografia,1
testi,1
stranieri,1
brts,1
bibliotecathe,1
biblioteka,1
analiz,1
literackich,1
balit,1
afroasiatica,1
bafas,1
bibliotheckscottish,1
allied,1
bibliotheck,1
bibliothèque,1
bhr,1
tot,1
land,1
volkenkunde,1
btlv,1
ketavet,1
lesifrut,1
lashon,1
historiah,1
veestetikah,1
bilingual,1
bilingbrrb,1
lettersrivon,1
sifrut,1
hagut,1
ricerca,1
librodi,1
polonistyczny,1
biba,1
tyrinejimai,1
banasthali,1
patrika,1
bp,1
baum,1
bugle,1
baumb,1
bayerische,1
baws,1
seminario,1
multidisciplinary,1
brt,1
bgdsl,1
namenforschung,1
bn,1
bnl,1
linhvistyka,1
bell,1
mova,1
mizhvuzauski,1
bmm,1
ressegna,1
beast,1
fable,1
bharatiya,1
vidya,1
bhv,1
biblical,1
archaeologist,1
mehkar,1
bip,1
baltu,1
bcsv,1
mazziniana,1
bdm,1
bonniers,1
litterära,1
magasin,1
blm,1
bc,1
transdisciplinary,1
bforum,1
brown,1
bbr,1
bi,1
bf,1
bosnia,1
herzegovinayugoslav,1
bbh,1
boston,1
brev,1
botswana,1
bnr,1
boundary,1
boundaryii,1
brahmavidya,1
adyar,1
adlb,1
brain,1
bl,1
brasilbrazil,1
brasileiraa,1
domus,1
vichiani,1
jezykoznawczegobulletin,1
biea,1
bptj,1
orpheus,1
afroamerican,1
bo,1
warrior,1
bwr,1
illustrated,1
bluegrass,1
bgu,1
bu,1
bodleian,1
blr,1
boletim,1
bdf,1
boletin,1
culturalbibliografico,1
bcb,1
filologbfil,1
norteamericana,1
lengua,1
banle,1
menéndez,1
pelayo,1
bbmp,1
fundacifederico,1
garclorca,1
bffgl,1
brae,1
asturianos,1
kalbu,1
bhe,1
aefil,1
cange,1
area,1
acs,1
arheologija,1
etnografija,1
aue,1
arielk,1
ariele,1
arizona,1
arq,1
arkansas,1
arkq,1
arkivr,1
filologiarchives,1
anf,1
armchair,1
detectivequarterly,1
appreciation,1
mystery,1
detective,1
suspense,1
armd,1
arthy,1
asemkaliterary,1
cape,1
asemka,1
major,1
asmj,1
aas,1
afs,1
alma,1
aevi,1
atj,1
medii,1
appalachiam,1
appalj,1
appling,1
psycholinguistics,1
apsy,1
revueetudes,1
araa,1
pensamientocultura,1
das,1
archiv,1
agp,1
buchwesens,1
agb,1
akg,1
reformationsgeschichte,1
arg,1
archivio,1
agi,1
archivo,1
belluno,1
feltrecadore,1
asbfc,1
raksti,1
latviskam,1
problemam,1
franciscanum,1
historicum,1
afh,1
latinitatis,1
amus,1
asiatische,1
baltische,1
anlmsf,1
reprint,1
ars,1
fathers,1
augustinian,1
recollects,1
universities,1
deutschskandinavische,1
beziehungen,1
ads,1
ajfs,1
ajl,1
asees,1
authoritative,1
aswl,1
aztla,1
chicano,1
aztl,1
intérnationale,1
traductioninternational,1
baker,1
irregular,1
sherlockiana,1
bsj,1
balkan,1
balst,1
balkansko,1
ezikoznanielinguistique,1
balkanique,1
bez,1
augustan,1
storichefilologiche,1
studienetudes,1
morali,1
asiatiques,1
asiengesellschaftrevue,1
suisseasie,1
asea,1
recorded,1
arscj,1
lastrado,1
revisito,1
bilengo,1
prouvorevue,1
bilinque,1
provence,1
astrado,1
atenea,1
arteliteratura,1
concepciatenea,1
ateneo,1
veneto,1
arti,1
periodici,1
letteraturastoria,1
dellantichità,1
atlantiswomens,1
femme,1
atlantis,1
sodalizio,1
milanese,1
asgm,1
lincei,1
dreiser,1
drst,1
dmt,1
tamil,1
jp,1
phonetics,1
jphon,1
jpc,1
television,1
jpft,1
bimonthly,1
jprag,1
ritual,1
jrstud,1
jos,1
jss,1
jsoal,1
jshr,1
jtams,1
duj,1
acoustical,1
jas,1
jaar,1
jaos,1
jaraas,1
appalachian,1
jasa,1
bombay,1
jasb,1
jatj,1
jclta,1
cork,1
archaeological,1
jchas,1
jpl,1
jpsp,1
personality,1
jnwsl,1
jkwjc,1
jlsp,1
disabilities,1
jld,1
jl,1
jls,1
studiestydskrif,1
literaturwetenskap,1
jlstl,1
macrolinguistics,1
jmacl,1
jmrs,1
jmeml,1
jmas,1
jmgs,1
jml,1
multilingual,1
multicultural,1
jmmd,1
narrative,1
jnt,1
near,1
jnes,1
nervous,1
mental,1
disease,1
jnmd,1
nonverbal,1
jnb,1
eighteen,1
nineties,1
jens,1
jsw,1
courtauld,1
institutes,1
jwci,1
morris,1
jwms,1
jukgs,1
jwal,1
jwil,1
ism,1
jq,1
jsa,1
judaismquarterly,1
judaism,1
juznoslovenski,1
filolog,1
jf,1
kulturanalyse,1
tsr,1
kalevalaseuran,1
ksvk,1
kanq,1
kansatieteellinen,1
arkisto,1
kar,1
keates,1
shelley,1
hunt,1
ksj,1
ksmb,1
warburg,1
jssb,1
jei,1
siam,1
ganganatha,1
jha,1
kendriya,1
sanskrit,1
vidyapeetha,1
jgjri,1
diaspora,1
jhd,1
jhi,1
ipaj,1
kafka,1
jksa,1
maharaja,1
sayajirao,1
baroda,1
jmsub,1
malaysian,1
jrasm,1
jmmla,1
joib,1
polynesian,1
jps,1
britain,1
jras,1
antiquaries,1
jrsai,1
rutgers,1
jrul,1
jsl,1
junior,1
kyoritsu,1
jksua,1
ian,1
jjcl,1
schillergesellschaft,1
jdsg,1
jeanpaulgesellschaft,1
jjpg,1
karlmaygesellschaft,1
jkmg,1
byzantinistikbg,1
hochstifts,1
jfdh,1
goethevereins,1
jwgv,1
finnischdeutsche,1
literaturbeziehungen,1
jfdl,1
fränkische,1
landesforschung,1
jfl,1
jig,1
jjq,1
japq,1
jauna,1
gaita,1
jga,1
jfer,1
kulturu,1
hrvatskoga,1
knjizevnog,1
jezika,1
jadavpur,1
literaturyiazyka,1
jis,1
izvestiia,1
irodalf,1
irodalomtörténetizlemények,1
ik,1
ial,1
beaken,1
tydskrift,1
fan,1
fryske,1
akademy,1
itb,1
litalia,1
dialettale,1
id,1
francescana,1
medioevaleumanistica,1
imu,1
italam,1
itc,1
iq,1
italianistica,1
irli,1
italienisch,1
italienische,1
italienischz,1
italyan,1
filolojisifilologia,1
itf,1
knjizevnuumjetnicku,1
kritiku,1
slovstvo,1
jezyk,1
saud,1
jcla,1
jcm,1
jcs,1
geography,1
jcg,1
cuneiform,1
jcuns,1
documentation,1
jd,1
dramatic,1
jdtc,1
jefl,1
jegp,1
jell,1
jengl,1
jengs,1
jes,1
jexph,1
jexplmc,1
jfr,1
jfls,1
johs,1
jhp,1
jip,1
jiwe,1
indoeuropean,1
jies,1
jil,1
jjs,1
king,1
country,1
joci,1
polski,1
jc,1
jpol,1
jdj,1
asiatique,1
jasiat,1
savants,1
js,1
scientific,1
jssr,1
abnormal,1
jap,1
advanced,1
jac,1
jaac,1
jacult,1
jaf,1
jams,1
jar,1
jast,1
jausl,1
jbals,1
jbecks,1
jcf,1
canadiennes,1
jcsr,1
jcst,1
jchl,1
jchinl,1
jchinp,1
jcl,1
keel,1
kirjandus,1
tallinn,1
lr,1
letc,1
librospettacolomensile,1
studirassegne,1
leuvense,1
contributions,1
leytesamar,1
lss,1
libc,1
bibliophilengesellschaftrevue,1
bibliophiles,1
limba,1
limr,1
linguastile,1
linguaggio,1
linguisticaanalisi,1
nostra,1
ln,1
linga,1
lingi,1
tlr,1
antverpiensia,1
biblica,1
interdisziplinäre,1
lbib,1
uralica,1
lural,1
lingp,1
fonctionnelle,1
functional,1
classensi,1
lq,1
berichte,1
qucoises,1
laam,1
lla,1
leshonenulesonénu,1
cognate,1
subjectsketavet,1
leheqer,1
halashon,1
haivrit,1
vehatehumim,1
hasemukhim,1
lah,1
lessing,1
yearbookjahrbuch,1
ly,1
buenos,1
aires,1
ldba,1
femeninas,1
lfem,1
peninsulares,1
letp,1
attualitàcultura,1
contemporaneo,1
quadrimestrale,1
novecento,1
lic,1
damerica,1
lamer,1
li,1
linguistische,1
lingb,1
modernas,1
ir,1
limen,1
ludowa,1
llud,1
maksla,1
lum,1
belief,1
lh,1
medicine,1
lm,1
lp,1
lew,1
literaturefilm,1
lfq,1
theology,1
lt,1
sedmichnik,1
nesavisimite,1
balgarski,1
pisateli,1
lforum,1
literaturna,1
misul,1
lmi,1
literaturnaia,1
gazeta,1
lg,1
literaturnoe,1
obozrenie,1
soiuza,1
menas,1
lfoiro,1
lingvisticæ,1
revuo,1
investigationes,1
linginv,1
lion,1
unicorncritical,1
lu,1
listy,1
filologické,1
lf,1
literarni,1
leksikon,1
litleks,1
llc,1
lcrit,1
endeavourquarterly,1
lite,1
halfyearly,1
lhy,1
litr,1
literaturr,1
leser,1
lfl,1
lwu,1
luk,1
budapest,1
hungary,1
chilena,1
creaciy,1
litc,1
foiro,1
lengm,1
lenguas,1
estonia,1
knjik,1
vilniaus,1
universiteto,1
kodikascodears,1
semeiotica,1
kodikas,1
kongelige,1
videnskabernes,1
selskab,1
historiskfilosofiske,1
kdvs,1
korea,1
koj,1
korespondence,1
pomembnih,1
slovencev,1
kps,1
kvns,1
undervisning,1
slova,1
ksl,1
szkice,1
opowiadania,1
sprawozdania,1
kulturap,1
kulturos,1
barai,1
kb,1
kulturtidskriften,1
kwansei,1
knji,1
knjizevnosti,1
neofilologiczny,1
estetiku,1
kjk,1
keiryo,1
kokugogakumathematical,1
kek,1
recordregional,1
kfr,1
krev,1
kenyon,1
kr,1
kerkyraika,1
chronika,1
kerc,1
kipling,1
kj,1
kirjallisuudentutkijain,1
ksv,1
klagelner,1
arbeitengermanistik,1
klage,1
afrikaanse,1
klausgrothgesellschaft,1
jahresgabe,1
kggj,1
kleine,1
drosteforschungnster,1
kbdf,1
istorija,1
knjist,1
kritika,1
kguas,1
kn,1
lyt,1
lvc,1
lanm,1
trimestriel,1
llnl,1
amerian,1
reviewrevista,1
desica,1
lamr,1
lailj,1
lalr,1
latr,1
linguae,1
latinae,1
excolendae,1
latvijas,1
zinatnu,1
akademijas,1
vestis,1
lzav,1
lebende,1
fremde,1
lectura,1
dantisforum,1
ldant,1
legon,1
ljh,1
comparées,1
francevergleichende,1
frankreichforschung,1
lenguajetexto,1
lfr,1
change,1
kypriakai,1
variation,1
spoudai,1
kys,1
kypriakos,1
logos,1
kl,1
lamar,1
ljhum,1
landfallnew,1
zealand,1
landfall,1
pluridisciplinaires,1
langh,1
practical,1
lcomp,1
langc,1
langlit,1
ls,1
boulder,1
lsoc,1
ll,1
planninglingvaj,1
problemoj,1
kaj,1
lingvoplanado,1
lplp,1
langq,1
langr,1
testing,1
langt,1
irodalomtörténetizetek,1
irodalom,1
irodalomtörténet,1
ewns,1
elst,1
explicacide,1
textos,1
literarios,1
extl,1
explicator,1
expl,1
explorations,1
eirc,1
commentator,1
fantco,1
farhange,1
zamin,1
iranologiques,1
fiz,1
nordiska,1
museets,1
skansens,1
fj,1
faulkst,1
faux,1
titre,1
fauxt,1
fst,1
filmc,1
filmq,1
filologfilolog,1
filológiaizlöny,1
fk,1
exeter,1
waugh,1
ft,1
evelyn,1
appliquela,1
ef,1
germanoafricaines,1
annuelle,1
germanistique,1
africainejahresschriftr,1
afrikanische,1
germanistikannual,1
ega,1
irlandaises,1
civilisation,1
lirelande,1
ei,1
elit,1
philosophiques,1
ep,1
brno,1
erbr,1
eugene,1
oneill,1
eonr,1
mensuelle,1
disorders,1
ejdc,1
ejs,1
romantic,1
err,1
esj,1
teoríashistoriadiscurso,1
finsk,1
firstl,1
créoles,1
populari,1
fontane,1
blätter,1
fb,1
researchquarterly,1
fltr,1
flits,1
älteren,1
fgadl,1
oberösterreiches,1
fgo,1
forumz,1
forumukrainian,1
forums,1
fdl,1
fmls,1
homosexualitund,1
forumhl,1
italicum,1
fi,1
linguisticum,1
lake,1
bluff,1
forling,1
professeurs,1
francophones,1
damérique,1
frankfurter,1
fbg,1
französisch,1
folks,1
tradizioni,1
flannery,1
populairesbolletino,1
oconnor,1
fcb,1
robert,1
graves,1
contemporaries,1
frgc,1
linguisticae,1
europaeae,1
foli,1
foliao,1
phoniatrica,1
phoniatrics,1
pathology,1
fphon,1
ethnological,1
fol,1
fmj,1
årbog,1
etnologi,1
folkemindevidenskab,1
fok,1
fcn,1
cause,1
folklorec,1
historian,1
folkh,1
suissefolclore,1
svizzero,1
traditions,1
etcr,1
ecl,1
frh,1
courtly,1
eds,1
eina,1
ej,1
eln,1
engling,1
elr,1
els,1
ells,1
transition,1
elt,1
ems,1
engr,1
esa,1
esc,1
ent,1
worldwide,1
eww,1
envoireview,1
envoi,1
philologae,1
polonorum,1
epeirotike,1
hestia,1
eph,1
byzantinon,1
ehbs,1
epistemonikon,1
ereunon,1
kyprou,1
dance,1
esrs,1
ereunes,1
state,1
ear,1
auditory,1
eh,1
eal,1
edamms,1
edad,1
edo,1
litteraturforskningscandinavian,1
edith,1
wharton,1
ewhr,1
editors,1
edn,1
edward,1
sapir,1
esmslcc,1
ecf,1
eclife,1
ecs,1
ecent,1
seinen,1
eigos,1
ihre,1
problemgeschichte,1
emakeele,1
seltsi,1
aastaraamat,1
emsa,1
emporia,1
ekeek,1
hellenikes,1
ebt,1
théâtrales,1
ecw,1
español,1
contemporáneo,1
asiaafrica,1
eomc,1
maya,1
publicaciperiódica,1
mayas,1
ecm,1
culturahuatl,1
ecn,1
edling,1
edla,1
angloamericanos,1
eaa,1
etcreview,1
ethnographiamagyarprajzirsasfolyóirata,1
ethnographia,1
europaea,1
ethnoe,1
ethsc,1
eths,1
ethnologie,1
ethnof,1
anthropology,1
grandebretagne,1
etatsunis,1
ea,1
tchécoslovaques,1
eitet,1
theatreetudes,1
laographias,1
elwiu,1
ekehl,1
epistemonike,1
epeterida,1
philosophikes,1
scholes,1
aristoteleiou,1
panepistemiou,1
thessalonikes,1
eepsapt,1
epitheorese,1
logou,1
technes,1
elkt,1
supérieur,1
traduction,1
dinterprètes,1
bruxelles,1
teory,1
literarias,1
esperienze,1
letterarie,1
criticacultura,1
elet,1
lespirit,1
créateur,1
ecr,1
eas,1
eic,1
efl,1
heute,1
freiburger,1
iur,1
humans,1
neolatin,1
humlov,1
humanitas,1
humb,1
hs,1
penle,1
hongrois,1
hpen,1
hungq,1
hse,1
hsr,1
huntington,1
civilization,1
hlq,1
hymnologiske,1
salmer,1
hymnm,1
belles,1
lettore,1
provincia,1
ldprov,1
pensiero,1
politico,1
delle,1
politichesociali,1
ppol,1
letterearti,1
civiltà,1
ilha,1
lovaniensia,1
hd,1
idd,1
hudr,1
hispamerica,1
hispam,1
interests,1
portuguese,1
hispiss,1
hisj,1
hr,1
hispanófila,1
hispano,1
historiographia,1
sciencesrevue,1
langageinternationale,1
sprachwissenschaften,1
hl,1
historisk,1
ht,1
historiska,1
litteraturhistoriska,1
hls,1
hei,1
hitotsubashi,1
hollins,1
hc,1
danthropologie,1
homme,1
hopkins,1
hq,1
católica,1
hudson,1
desterro,1
jishs,1
high,1
ijs,1
filolohiia,1
inozf,1
iasop,1
letrasciencias,1
humanas,1
overseas,1
ifrev,1
ijal,1
dravidian,1
ijdl,1
lexicography,1
ijlex,1
ijmes,1
ijslp,1
sociology,1
ijsl,1
ijt,1
iral,1
issj,1
iasl,1
political,1
ijpp,1
iey,1
iowar,1
pakistan,1
iqr,1
persian,1
irans,1
ihs,1
inozemna,1
iazykishkole,1
incontri,1
inostrannye,1
inli,1
independent,1
ish,1
index,1
censorship,1
ionc,1
horizons,1
indh,1
ijoal,1
india,1
indling,1
reviewtriquarterly,1
ilr,1
indl,1
ipen,1
indoiranian,1
iij,1
indogermanische,1
indogermanistik,1
infant,1
ibd,1
grammaticale,1
ig,1
paraissant,1
cinq,1
fois,1
inmun,1
kwahak,1
ikw,1
hplr,1
hjr,1
fzpt,1
lewes,1
fellowship,1
ger,1
herbert,1
ghj,1
georgetown,1
gjll,1
gar,1
germancanadian,1
yearbookdeutschkanadisches,1
gcy,1
gq,1
gersr,1
gnr,1
gr,1
germanischromanische,1
monatsschrift,1
grm,1
referatenorgan,1
mit,1
bibliographischen,1
hinweisen,1
abhandlungen,1
ga,1
gmit,1
gettysburg,1
gettr,1
gimtoji,1
kalba,1
gka,1
geghls,1
eliotgeorge,1
gsli,1
gk,1
frf,1
fls,1
fr,1
fs,1
bulletinquarterly,1
fsb,1
fssa,1
faeroensis,1
frühmittelalterliche,1
institutsr,1
frühmittelalterforschung,1
universitmünster,1
fmas,1
fu,1
jen,1
fjs,1
gai,1
saber,1
lescòla,1
occitana,1
gais,1
samfundet,1
sverigeislandlundmalmö,1
garland,1
reference,1
grlh,1
gl,1
gengo,1
kenkyu,1
gif,1
organo,1
hn,1
antike,1
bildung,1
tragedie,1
prince,1
denmarke,1
hst,1
hlb,1
hsrl,1
theological,1
htr,1
hus,1
hebbeljanrbuch,1
hjb,1
har,1
hcompl,1
hebst,1
husl,1
ostasiatische,1
hol,1
hf,1
heine,1
heinej,1
helikon,1
irodalomtudányi,1
szemle,1
helikoni,1
laographikon,1
syngramma,1
hellenikas,1
hemingway,1
humanistische,1
gj,1
difusilingüística,1
gutenbergjahrbuch,1
glottac,1
griechische,1
lateinische,1
glyph,1
glypht,1
kritische,1
gesamte,1
godisnjak,1
centar,1
balkanoloska,1
ispitivanja,1
gcbi,1
goethejahrbuch,1
gsna,1
gothenburg,1
gothse,1
grand,1
grands,1
iskusstva,1
naukiobshchestvennopoliticheskoi,1
mysli,1
bamberger,1
renaissanceforschung,1
grazer,1
gb,1
gpq,1
galega,1
grundtvigstudier,1
gstud,1
zvezda,1
