,Philosophy.txt
phil,189
philosophy,116
review,94
stud,77
rev,70
studies,62
ethics,59
soc,51
philosophical,51
filosof,45
society,38
quarterly,36
law,30
revista,29
history,27
science,27
sci,26
human,24
education,23
forum,23
social,23
educ,22
international,20
log,19
filosofia,19
theory,18
philosophia,18
new,17
philosophica,17
quart,17
thought,16
philosophie,16
american,16
revue,16
hist,15
und,15
proceedings,15
di,15
univ,14
sciences,14
logic,13
political,13
research,13
zeitschriftr,13
res,13
int,12
proc,12
university,12
la,12
medicine,11
humanities,11
studia,11
theor,11
educational,11
inquiry,11
harvard,10
man,10
theology,10
theol,10
jahr,10
bioethics,10
med,9
mind,9
et,9
indian,9
bull,9
arch,9
bulletin,9
spain,9
religion,9
modern,9
affairs,9
praxis,8
world,8
values,8
logos,8
rivista,8
yearbook,8
theoria,8
psychology,8
dialogue,8
classical,7
crit,7
news,7
language,7
nietzsche,7
business,7
relig,7
today,6
western,6
perspectives,6
british,6
amer,6
michigan,6
episteme,6
cult,6
humanitas,6
boston,6
religious,6
south,6
irish,6
agora,6
aesthetics,6
notre,6
east,6
jahrbuchr,6
acta,6
yale,6
life,6
quest,6
theological,6
filozof,6
italy,6
applied,6
riv,6
nature,6
culture,6
foundations,6
roumaine,6
european,6
ancient,5
mexico,5
arts,5
asian,5
contemporary,5
leibniz,5
philosophiques,5
des,5
critical,5
christian,5
philosophique,5
russell,5
cognition,5
phenomenological,5
inq,5
scientific,5
philosophische,5
india,5
psych,5
cuadernos,5
practice,5
medical,5
comparative,5
estudios,5
criticism,5
canadian,4
scientiae,4
computers,4
lang,4
literature,4
cambridge,4
phenomenology,4
humanism,4
etica,4
papers,4
cuad,4
polit,4
order,4
college,4
bus,4
contrastes,4
studi,4
publica,4
pensamiento,4
contemp,4
atlantic,4
euro,4
institute,4
radical,4
context,4
vico,4
ratio,4
pakistan,4
reason,4
chinese,4
rica,4
academy,4
tulane,4
general,4
care,4
center,4
ethical,4
moral,4
telos,4
archivr,4
information,4
judaism,4
facta,4
annals,4
estud,4
ideas,4
della,4
physics,4
personalist,4
ann,4
kriterion,4
analysis,4
del,4
royal,4
filosófico,4
ethik,4
health,4
essence,4
mary,4
ohio,4
nursing,4
sociological,4
sophia,4
behavior,4
analytica,4
rand,4
filosofrev,4
policy,4
public,4
dame,4
communis,4
hastings,4
voor,4
essays,4
tijdschrift,4
record,4
music,4
william,4
usa,4
environ,4
jewish,3
ideal,3
politics,3
costa,3
rep,3
filosofici,3
ass,3
behav,3
wissenschaft,3
association,3
religions,3
il,3
cog,3
psychiatry,3
pacific,3
west,3
latinoamer,3
hum,3
diogenes,3
lit,3
natural,3
mod,3
environmental,3
yrbk,3
ns,3
france,3
phenomenol,3
pub,3
pract,3
theoretical,3
tech,3
annual,3
meeting,3
felsefe,3
organon,3
logica,3
logical,3
ling,3
prag,3
freiburger,3
graduate,3
method,3
jahrbuch,3
teaching,3
storia,3
newsletters,3
en,3
soci,3
studien,3
filosofie,3
higher,3
universitas,3
welt,3
bertrand,3
jurisprudence,3
letter,3
philology,3
lett,3
brit,3
anales,3
hegel,3
ayn,3
york,3
professional,3
studium,3
tijdschr,3
southern,3
biology,3
soz,3
archives,3
chin,3
biol,3
filosóficos,3
juris,3
wiss,3
healthcare,3
theologie,3
math,3
der,3
living,2
laurentianum,2
listening,2
light,2
individui,2
teacher,2
anselm,2
degli,2
minerva,2
linguistics,2
laval,2
owl,2
linguistic,2
études,2
leonardo,2
lekton,2
monist,2
legal,2
lawyer,2
saint,2
objectivist,2
art,2
heythrop,2
locke,2
antioch,2
maltepe,2
path,2
manuscrito,2
maritain,2
marquette,2
aryan,2
acorn,2
brahmavadin,2
massachusetts,2
mathesis,2
teoria,2
mediaeval,2
teoresi,2
teorema,2
currents,2
main,2
humanist,2
lumen,2
logique,2
anal,2
hibbert,2
ludus,2
petite,2
vitalis,2
euthanasia,2
symbolic,2
lyceum,2
magyar,2
szemle,2
maha,2
bodhi,2
dalhousie,2
thomist,2
bombay,2
lampara,2
kwartalnik,2
hegelforschung,2
recht,2
veritas,2
lex,2
vera,2
utilitas,2
portland,2
dayton,2
agricultural,2
ethicsagr,2
syst,2
colorado,2
data,2
existential,2
rights,2
seminary,2
union,2
iyyun,2
iustitia,2
vermont,2
iride,2
allgemeine,2
wittgenstein,2
interpretation,2
wayne,2
irb,2
whitman,2
walt,2
vivarium,2
vienna,2
isegoria,2
isis,2
visvabharati,2
ita,2
humanidades,2
itinerari,2
circle,2
tribüne,2
philosophyindian,2
discovery,2
kierkegaard,2
washington,2
kennedy,2
inst,2
kennis,2
kesari,2
methode,2
kenyon,2
kierkegaardiana,2
kantstudien,2
kinesis,2
kodikascode,2
teachers,2
vedanta,2
austria,2
kursbuch,2
kutadgubilig,2
kaygi,2
kantian,2
researchphil,2
word,2
tradition,2
acad,2
traditio,2
academic,2
topoi,2
denken,2
van,2
thinking,2
thémata,2
statistical,2
decision,2
yugoslavia,2
seriesj,2
stat,2
christ,2
digest,2
krisis,2
metaphysica,2
systematics,2
salzburger,2
salmagundi,2
svara,2
russian,2
diritto,2
estetica,2
rhizai,2
thomiste,2
chardin,2
teilhard,2
louvain,2
psychiat,2
phoenix,2
phronesis,2
physis,2
polis,2
tucson,2
san,2
théologie,2
dekalb,2
books,2
school,2
explorations,2
sats,2
scotland,2
taiwan,2
japan,2
ireland,2
topics,2
writings,2
sartre,2
philósophos,2
sapienza,2
sapientia,2
jose,2
reviewer,2
poznan,2
scientia,2
princípios,2
rendezvous,2
reflexe,2
meet,2
valley,2
aristotelian,2
recerca,2
aris,2
heraclitean,2
rad,2
discussions,2
process,2
african,2
prolegomena,2
prospero,2
psychological,2
problemos,2
principia,2
pragmatics,2
reports,2
metaph,2
prajvihara,2
morale,2
revolutionary,2
patagónica,2
latinoamericana,2
coimbra,2
madrid,2
romania,2
internationale,2
filosófica,2
prilozi,2
hispanicos,2
prima,2
agustiniana,2
belgium,2
malacitana,2
zoology,2
midwest,2
age,2
notes,2
stromata,2
month,2
motive,2
zeit,2
sprache,2
speculum,2
nao,2
sw,2
blackfriars,2
german,2
critique,2
literary,2
southwest,2
islamica,2
academician,2
nombres,2
phaenomenologica,2
medieval,2
mental,2
systematic,2
hygiene,2
synthese,2
metamedicine,2
metaphilosophy,2
beiträge,2
metascience,2
symposium,2
methodos,2
metodicki,2
ogledi,2
spinozana,2
poliana,2
greek,2
nomos,2
slovakia,2
sewanee,2
philo,2
philologica,2
sensus,2
philosophers,2
imprint,2
semiotica,2
semantikos,2
athens,2
israel,2
africana,2
christi,2
perennis,2
second,2
monthly,2
portugal,2
philippine,2
phainomenon,2
soundings,2
phainomena,2
sorites,2
noussupplement,2
issues,2
noussuppl,2
numen,2
slovak,2
skepsis,2
signos,2
santayana,2
pac,2
paideia,2
pastoral,2
paunch,2
perspektiven,2
perspekt,2
abraxas,2
zygon,2
bruniana,2
felsefelogos,2
current,2
musicology,2
daedalus,2
daimon,2
filozofia,2
filosofdaimon,2
dance,2
casopis,2
scope,2
film,2
fichtestudien,2
boundary,2
fac,2
vichiani,2
dao,2
mariae,2
darshana,2
tartismalari,2
felsefenyasi,2
faith,2
existentia,2
pat,2
darshanmanjari,2
pure,2
das,2
anthropological,2
evolution,2
antonianum,2
eurídice,2
etyka,2
vestnik,2
florida,2
houston,2
linguisticum,2
fran,2
convivium,2
crane,2
française,2
gregorianum,2
grazer,2
faculty,2
gordon,2
gogoa,2
gnosis,2
texts,2
bucknell,2
augustin,2
español,2
giornale,2
georgia,2
genre,2
futurum,2
furrow,2
mathematicae,2
fundamenta,2
fronesis,2
bridges,2
rundbrief,2
brentano,2
brain,2
free,2
franciscanum,2
chemistry,2
argument,2
centro,2
etudes,2
basilisco,2
eidos,2
rechts,2
newsletter,2
archivio,2
ecologist,2
buddhist,2
eastern,2
durham,2
berkeley,2
duquesne,2
downside,2
doctor,2
dialectica,2
discurso,2
diotima,2
dionysius,2
dialektik,2
auslegung,2
dikaiosyne,2
philosophin,2
argumentation,2
diánoia,2
arion,2
dianoia,2
diametros,2
dialoog,2
profile,2
pst,2
canada,2
el,2
encounter,2
deutsche,2
éndoxa,2
animali,2
ethos,2
apa,2
place,2
info,2
technology,2
animals,2
apeiron,2
appraisal,2
apuntes,2
gen,2
aquinas,2
philosophisches,2
estetika,2
nigeria,2
espíritu,2
bochumer,2
bijdragen,2
arabic,2
bigaku,2
erm,2
erkenntnis,2
epoché,2
epistemologia,2
species,2
gesch,2
mathematische,2
logik,2
enfoques,2
copte,2
augustinus,2
geist,2
hyle,2
hume,2
aitia,2
ajatus,2
aletheia,2
alg,2
nhi,2
club,2
voltaire,2
inquiries,2
cognitio,2
english,2
colllingwood,2
alpha,2
hobbes,2
omega,2
benedictine,2
catholic,2
idealism,2
cath,2
prof,2
economy,2
hermathena,2
bradley,2
husserl,2
clio,2
commonweal,2
hypatia,2
da,2
cad,2
intphil,2
cie,2
intellect,2
sociologist,2
insurgent,2
indianphil,2
philosophic,2
questions,2
iliff,2
cadernos,2
protagora,2
cannocchiale,2
carmina,2
philosophiae,2
carrefour,2
accademia,2
fennica,2
centennial,2
hypnos,2
scholar,2
cirpho,2
collingwood,2
cogito,2
communication,2
constellations,2
viatorum,2
desthétique,2
fr,2
comprendre,2
heidegger,2
annales,2
anima,2
angelicum,2
britain,2
hekmat,2
conference,2
concordia,2
great,2
seminar,2
evangelical,2
conceptus,2
automation,2
analiza,2
communio,2
seminario,2
ramakrishna,2
esth,2
commun,2
universitatis,2
southwestern,1
orteguianos,1
gesellschaftswissenschaftliche,1
langue,1
sowjet,1
sociology,1
ortega,1
prax,1
hispanismo,1
venezuela,1
históriafilosofia,1
cien,1
colomb,1
ges,1
américaine,1
beitr,1
campanelliana,1
doctrinale,1
soziale,1
hispan,1
neoscolastica,1
sociol,1
filosofcosta,1
sowjetwissenschaft,1
chile,1
australasian,1
neoscolas,1
australasianphil,1
crociani,1
filosofmexico,1
croce,1
culturepacphil,1
philosophyafrphil,1
filosofchile,1
filosofspain,1
campenelliana,1
australian,1
australianprof,1
australia,1
austrialia,1
filosofvenezuela,1
internazionale,1
swphil,1
pol,1
britphil,1
indic,1
scottish,1
théologiques,1
étud,1
schopenhauerjahrbuch,1
schopenhauer,1
augustiniennes,1
théol,1
internacional,1
filosofpolítica,1
sect,1
section,1
portuguesa,1
port,1
nordic,1
venezolana,1
boll,1
ven,1
engineering,1
ins,1
luniversité,1
dottawa,1
ottawa,1
metaphysique,1
miss,1
mission,1
detranger,1
espan,1
indicators,1
universidade,1
epistem,1
epistemology,1
eng,1
sociales,1
universidad,1
ethicseuropean,1
programa,1
brithist,1
gt,1
desgraduaçem,1
filosofiadi,1
antike,1
scottishtheo,1
vale,1
rio,1
mittelalter,1
dos,1
teologia,1
sinos,1
unisinos,1
española,1
filosofmedieval,1
darchéologie,1
bollettino,1
dialogzeitschrift,1
begriffsgeschichte,1
augustinian,1
im,1
suárez,1
francisco,1
latedra,1
transformaçrevista,1
transformacao,1
transactions,1
charlespeirce,1
trans,1
peirce,1
amertheol,1
amerphilology,1
ultimate,1
reality,1
meaning,1
ultim,1
real,1
mean,1
amerof,1
universal,1
cated,1
picosxicopicosxico,1
argentina,1
decis,1
analogia,1
analogfilosófica,1
theologische,1
zeitschrift,1
analisis,1
análisis,1
multidisciplinary,1
advances,1
filosofan,1
argentinapicos,1
historia,1
studie,1
verlichting,1
het,1
vrije,1
suarez,1
verlich,1
picos,1
pennsylvania,1
penn,1
aligarhislamic,1
kritische,1
yeditepede,1
yeditepe,1
fel,1
aesthetik,1
kunstwissenschaftaes,1
allg,1
kunst,1
wissenschaftstheorieallg,1
theoriekrit,1
comp,1
grundlagen,1
mathematikmath,1
naturforschungnaturforschung,1
forschungphil,1
forsch,1
praxisphil,1
geistesgeschichterelig,1
sozialpsychologiesoz,1
yearbookatlantic,1
weltbild,1
ontario,1
wijsbegeerte,1
reviewontario,1
islamic,1
utilitarian,1
utopy,1
utopia,1
aligarh,1
wijs,1
ned,1
nederlands,1
weis,1
algemeen,1
algebra,1
widerspruchnchener,1
widerspruch,1
agr,1
agriculture,1
weisheit,1
adef,1
philosophyj,1
metaphysics,1
curiesklodowska,1
teoriemetoda,1
syn,1
grundlagenforschung,1
sztukafilozofia,1
sztuka,1
teach,1
geschichte,1
begriff,1
filosofde,1
teor,1
sozialphilosophie,1
metod,1
ajob,1
asianphil,1
britaes,1
anu,1
sym,1
canlaw,1
anuario,1
synthesis,1
supl,1
fieldbeing,1
areté,1
technischen,1
zeitalter,1
internazionali,1
filozoficzne,1
leibnitiana,1
filosofarete,1
christianae,1
switzerland,1
stor,1
suplementos,1
rel,1
biological,1
biomedical,1
biomed,1
practical,1
prac,1
cultura,1
generale,1
ny,1
intfieldbeing,1
curie,1
artstheor,1
philosophyphil,1
philosophypolit,1
ethicsrelig,1
speculative,1
philosophyspeculative,1
logicsym,1
phenomenologybrit,1
visual,1
vis,1
logicnonclassical,1
value,1
inquiryvalue,1
schoolman,1
sch,1
letterefilosofia,1
phenomen,1
facoltà,1
annali,1
psychologyphenomenological,1
nonclassical,1
intapplied,1
hellenic,1
aesthetic,1
educationaes,1
criticismaes,1
studiesayn,1
clinical,1
ethicsclin,1
analysiscrit,1
ethicsethics,1
studieshellen,1
studiesnietzsche,1
libertarian,1
studiesliber,1
bioethicsmed,1
humanitiesmed,1
philosophymed,1
behaviormind,1
neoplatonic,1
studiesneoplatonic,1
ciencia,1
ai,1
colombiana,1
psychologytheor,1
kyber,1
ethicssoc,1
grund,1
geisteswissenschaft,1
virginia,1
societyw,1
vir,1
kybernetik,1
thoughtthought,1
report,1
aus,1
grundlagenstudien,1
grad,1
metafisicametaf,1
ital,1
italianacrit,1
lner,1
soziologie,1
class,1
sport,1
exist,1
letters,1
researchsocial,1
religionamer,1
oriental,1
societyamer,1
orient,1
psychical,1
researchamer,1
hegeljahrbuch,1
tokyo,1
sportphil,1
hec,1
biologyhist,1
ideashist,1
philosophyhist,1
behavioral,1
scienceshist,1
associationphil,1
committee,1
sozialpsychologie,1
koelnersoz,1
critico,1
universitesi,1
feminist,1
metafísica,1
metaf,1
filozofiai,1
exer,1
patience,1
exercices,1
europhil,1
fen,1
filozoficzny,1
edeb,1
fak,1
series,1
environment,1
medicinaética,1
medicina,1
ética,1
seman,1
analyse,1
fem,1
tri,1
trianguli,1
diógenes,1
società,1
freiphil,1
societa,1
laguna,1
filosoflaguna,1
théologique,1
franciscan,1
les,1
filozofski,1
etud,1
istraz,1
istrazivanja,1
filozofska,1
aes,1
cas,1
filosofický,1
philosophysoc,1
researchsex,1
sex,1
bible,1
idealistic,1
sciencegen,1
astronomyhist,1
astronomy,1
study,1
religionsci,1
behaviourtheor,1
philosophyapplied,1
religionbible,1
realism,1
bioethical,1
inquirybioethical,1
ethicsbus,1
philosophychin,1
computing,1
systemscomp,1
consciousness,1
studiesconsciousness,1
wissen,1
ideasvalores,1
soziologiegeschichte,1
valores,1
internationales,1
intpolit,1
intmid,1
deutschen,1
idealismus,1
deutsch,1
middle,1
interchange,1
interchangequarterly,1
filosofiadiscussione,1
pubblica,1
filosofmoralpolitíca,1
inform,1
informal,1
independphil,1
independent,1
jerusalem,1
realismcrit,1
dharmadharma,1
semanticssemantics,1
educationnegro,1
informationlog,1
falsafeh,1
ethicsmed,1
military,1
ethicsmilitary,1
educationmoral,1
philosophymoral,1
negro,1
logicphil,1
processingeduc,1
va,1
educationphil,1
politicspolitics,1
pragmaticsprag,1
psycholinguistic,1
researchpsycholinguistic,1
religionreligion,1
thoughtreligious,1
ethicslaw,1
studiesjewish,1
affairsinterntl,1
ethicsinfor,1
processing,1
thoughteducational,1
philosophyethics,1
horiz,1
psychiatryexist,1
horizons,1
existentialismexistent,1
educationgeneral,1
psychologygeneral,1
genetic,1
psychologygenetic,1
educationhigher,1
relationshuman,1
relations,1
council,1
researchindian,1
counc,1
semantics,1
etcreview,1
filosofestud,1
istrazivanje,1
justice,1
criminal,1
contin,1
continental,1
microfiche,1
micro,1
pragmatism,1
za,1
hrvatske,1
meetings,1
filozofske,1
baštine,1
dialog,1
addresses,1
intelligence,1
far,1
cognitionartificial,1
farphil,1
crim,1
crítica,1
trad,1
traditions,1
rundsch,1
hermen,1
geography,1
geog,1
hermeneutics,1
cultural,1
rhetoric,1
rhet,1
action,1
act,1
sobre,1
filosofcuad,1
cont,1
filosoflatinoamericana,1
croatianphil,1
croatian,1
critica,1
biennial,1
assoc,1
danish,1
rechtstheorie,1
filosofiaciència,1
quad,1
speech,1
quarterlyspeech,1
africanphil,1
boethius,1
cantheol,1
canadianpolitical,1
rechtstheor,1
area,1
canphil,1
reflexireflexion,1
relevance,1
relev,1
mathematical,1
ciência,1
revphil,1
revpolit,1
quaderns,1
beitrage,1
psychol,1
psychologische,1
colloquium,1
colloq,1
anc,1
mexicowest,1
texas,1
procmextex,1
incorporating,1
congress,1
congr,1
australasia,1
austrl,1
gb,1
procatlantic,1
protosociology,1
proto,1
protosoziologie,1
protosoz,1
rundschau,1
invest,1
filosofescrit,1
nouv,1
dameform,1
filosóficas,1
discusiones,1
damelaw,1
nono,1
nouvelles,1
lapublique,1
lettres,1
repub,1
peabody,1
die,1
ohiojreligstud,1
ohiounivreview,1
organonfilozofický,1
overheard,1
seville,1
universalism,1
patristica,1
formal,1
discus,1
nietzschestud,1
nietzschestudien,1
thexisthexis,1
escritos,1
methodology,1
estad,1
ensay,1
midwestern,1
midwestphil,1
mindquarterly,1
minds,1
machines,1
mach,1
ensayosestudios,1
educaçe,1
national,1
nat,1
econ,1
economics,1
mediaevalia,1
peabodyeducation,1
investigations,1
mathematica,1
developing,1
deutphil,1
vier,1
deut,1
phillipines,1
philippines,1
geistesgeschichte,1
literaturwissenschaft,1
naturalis,1
pensierolinguaggio,1
natur,1
vierteljahresschriftr,1
reformata,1
reform,1
fil,1
exchange,1
exch,1
dan,1
culturale,1
ironia,1
ed,1
linguistica,1
operazioni,1
pen,1
oper,1
persp,1
historical,1
perspect,1
dialogos,1
neues,1
diálogos,1
dialogo,1
diálogo,1
dialec,1
cognitive,1
dialectics,1
dev,1
rassegna,1
analisi,1
jtla,1
