,Religion.txt
studies,169
review,150
quarterly,98
st,97
american,94
th,79
bulletin,74
rel,71
history,70
society,68
religion,67
theology,63
theological,63
christian,54
bul,49
chr,44
international,43
world,43
soc,40
new,40
social,37
life,36
historical,34
philosophy,34
religious,33
research,32
church,31
et,31
revue,28
des,28
education,28
bib,26
zeitschriftr,26
rev,25
biblical,25
jewish,25
und,24
psychology,23
pro,23
chicago,22
east,22
thought,22
science,21
association,21
study,21
seminary,20
eastern,20
news,19
faith,19
hist,19
vita,19
studia,19
culture,19
modern,19
magazine,18
revista,18
mundi,18
university,17
asian,17
forum,17
africa,17
library,16
institute,16
evangelical,16
literature,16
der,16
southern,16
religions,16
annual,15
european,15
books,15
newsletter,15
ref,14
ed,14
philosophical,14
renaissance,14
res,14
today,14
african,14
arts,14
dialogue,14
sociology,14
ministry,14
die,14
ethics,14
ch,13
études,13
america,13
york,13
lit,13
archaeology,13
harvard,13
affairs,13
zeitschrift,13
indian,13
archivr,13
near,12
anthropology,12
academy,12
islam,12
idoc,12
mission,12
century,12
sem,12
sci,12
times,12
pastoral,12
proceedings,12
bibliography,11
lutheran,11
public,11
comparative,11
theologie,11
folklore,11
literary,11
papers,11
center,11
bible,11
judaism,11
archives,11
baptist,11
national,11
rivista,10
christianity,10
sciences,10
miss,10
phil,10
di,10
book,10
women,10
bk,10
art,9
orient,9
ph,9
inst,9
sociological,9
series,9
islamic,9
reformed,9
political,9
ev,9
relations,8
theologische,8
urban,8
arch,8
div,8
latin,8
divinity,8
industrial,8
notes,8
ecumenical,8
perspectives,8
biblica,8
interdisciplinary,8
canadian,8
report,8
music,8
luth,8
english,8
college,8
oriental,8
archiv,8
christ,8
catholic,8
cahiers,7
justice,7
sacra,7
india,7
hebrew,7
scholar,7
methodist,7
monthly,7
south,7
bibliotheca,7
chinese,7
presbyterian,7
sac,7
middle,7
assoc,7
black,7
philosophie,7
early,7
supplement,7
internationale,7
values,7
cent,7
jahrbuchr,7
humanities,7
australian,7
int,7
psychoanalytic,6
feminist,6
atlantic,6
ex,6
hill,6
british,6
mennonite,6
studi,6
asia,6
faculty,6
language,6
brethren,6
family,6
muslim,6
saturday,6
weekly,6
jb,6
theologica,6
jahrbuch,6
medieval,6
digest,6
business,6
trinity,6
ancient,6
wscf,6
jew,6
state,6
liturgy,6
andover,6
reflections,6
word,6
orientalia,6
essays,6
criticism,6
care,6
analecta,6
concordia,6
societies,6
notre,6
tribune,6
bks,6
cross,6
anthropologist,6
ann,6
orthodox,6
classical,6
univ,6
ridge,6
vox,6
policy,6
communio,6
orientale,6
philology,6
acta,6
reports,5
scientific,5
lib,5
currents,5
congress,5
orth,5
filosofia,5
coun,5
information,5
testament,5
law,5
ind,5
sixteenth,5
intellectual,5
counseling,5
online,5
action,5
opinion,5
tradition,5
theory,5
human,5
japan,5
contemporary,5
scottish,5
humanism,5
occasional,5
théologie,5
svensk,5
interculture,5
reformation,5
churches,5
practice,5
ethnic,5
school,5
west,5
anglican,5
western,5
mormon,5
kirchengeschichte,5
pentecostal,5
liturg,5
estudios,5
past,5
breth,5
dossiers,5
living,5
suppl,5
pacific,5
geschichte,5
point,5
milton,4
midamerica,4
mccormick,4
ecclesia,4
theol,4
risk,4
interpretation,4
office,4
mod,4
zionism,4
eccl,4
communication,4
min,4
duke,4
man,4
byzantine,4
liber,4
orients,4
leadership,4
cassettes,4
quaker,4
museum,4
welt,4
pap,4
park,4
council,4
lhistoire,4
documentation,4
hispanic,4
old,4
europe,4
transactions,4
lwf,4
chronicle,4
bijdragen,4
van,4
en,4
semitic,4
louvain,4
bioethics,4
sacred,4
computing,4
psychohistory,4
cultural,4
current,4
disciples,4
dame,4
reader,4
worship,4
zygon,4
reconstruction,4
sojourners,4
proc,4
annals,4
greek,4
annali,4
inquiry,4
horizons,4
vie,4
england,4
sewanee,4
asbury,4
minority,4
exchange,4
psychiatry,4
hymn,4
german,4
la,4
dhistoire,4
augustiniennes,4
newton,4
french,4
augustiniana,4
touchstone,4
rabbinic,4
jud,4
jordan,4
byz,4
issues,4
farms,4
harpers,4
orientalis,4
affirmation,4
record,4
esprit,4
harv,4
rep,4
buddhist,4
second,4
fides,4
politics,3
africaines,3
service,3
native,3
skrif,3
fellowship,3
sexuality,3
north,3
literatures,3
historia,3
royal,3
perspective,3
pittsburgh,3
foundations,3
martyn,3
ethnology,3
angl,3
ser,3
anthropological,3
islams,3
united,3
neuzeit,3
ministries,3
morale,3
kerygma,3
washington,3
théologique,3
tyndale,3
literaturzeitung,3
internationales,3
acad,3
homiletic,3
wiener,3
cath,3
ideas,3
crit,3
critical,3
cristianismosociedad,3
concor,3
periodica,3
conference,3
deutschen,3
age,3
covenant,3
patristic,3
missionalia,3
freedom,3
midwest,3
bapt,3
luther,3
scholarship,3
cultic,3
kunde,3
friends,3
yearbook,3
teologisk,3
schools,3
du,3
wesleyan,3
missionary,3
amer,3
libraries,3
curr,3
london,3
verbum,3
sch,3
psychological,3
nieman,3
higher,3
wesley,3
experimental,3
thot,3
practical,3
chap,3
northwest,3
ethical,3
tijdschrift,3
chaplaincy,3
ethnomusicology,3
republic,3
encounter,3
trends,3
philosophiques,3
recherches,3
christentum,3
economic,3
reference,3
seminar,3
brazil,3
asiath,3
renewal,3
lore,3
belief,3
stone,3
eth,3
insight,3
baháí,3
prac,3
austin,3
zur,3
ephemerides,3
heritage,3
teol,3
stud,3
eng,3
esa,3
sbl,3
lat,3
kirchliche,3
resources,3
historiae,3
wildlife,3
israel,3
wcc,3
paper,2
testamentstt,2
maarav,2
arabic,2
select,2
gen,2
studiesasian,2
holocaust,2
way,2
broadcasting,2
electronic,2
mankind,2
manuscripta,2
historian,2
addiction,2
military,2
asienforum,2
delta,2
hispania,2
hopkins,2
lonergan,2
hume,2
look,2
neh,2
universalist,2
unitarian,2
humanist,2
nervous,2
script,2
rights,2
hugoye,2
asiatic,2
lucas,2
negro,2
icuis,2
mariahoutside,2
mars,2
hast,2
memphis,2
memorie,2
intergroup,2
interchange,2
domenicane,2
divorce,2
migration,2
therapy,2
hebr,2
montréal,2
midstream,2
menn,2
method,2
rpt,2
drug,2
geography,2
membership,2
massachusetts,2
hethitica,2
mental,2
hinduism,2
road,2
katholische,2
masters,2
heythrop,2
speaking,2
clinical,2
mediaeval,2
teologiese,2
medical,2
polynesian,2
henoch,2
union,2
thematic,2
disease,2
iraq,2
labor,2
princeton,2
religionswissenschaft,2
kyrkohistorisk,2
impact,2
christliche,2
årsskrift,2
kairos,2
sozialwissenschaften,2
logos,2
laval,2
ohio,2
le,2
immanuel,2
liturgik,2
image,2
ilu,2
koinonia,2
antike,2
kennedy,2
kleronomia,2
exploration,2
health,2
istina,2
informes,2
istituto,2
universitario,2
naples,2
byzantinistik,2
keston,2
kerux,2
kierkegaardiana,2
kings,2
tht,2
evangelism,2
kirchenmusikalisches,2
info,2
iliff,2
iggeret,2
kabbalah,2
dao,2
internazionale,2
liturgical,2
jott,2
pulpit,2
isis,2
idealistic,2
personality,2
languages,2
irish,2
huntington,2
hungarian,2
judaica,2
jrce,2
logia,2
insights,2
linguistic,2
musicological,2
jian,2
texts,2
psych,2
levant,2
doc,2
researchrel,2
mystische,2
tls,2
barbados,2
annuus,2
lingua,2
franca,2
intz,2
linguistica,2
listening,2
japanese,2
italy,2
plough,2
milla,2
wamilla,2
canonica,2
student,2
stimulus,2
vladimirs,2
croix,2
speculum,2
spectrum,2
soviet,2
register,2
sourozh,2
sophia,2
anal,2
analysis,2
work,2
thcentury,2
forces,2
comp,2
documenta,2
iuris,2
islamica,2
style,2
syria,2
symploke,2
swedishamerican,2
årsbok,2
exegetisk,2
susquehanna,2
sunstone,2
bandung,2
philonica,2
stulos,2
teologice,2
studii,2
spirituality,2
formative,2
popular,2
islandica,2
sobornost,2
smithsonian,2
hierosolymitana,2
rural,2
sedos,2
scriptura,2
scripta,2
schola,2
reviewworld,2
salmanticensis,2
agriculturalurban,2
rolling,2
semeia,2
teologia,2
fenici,2
orientali,2
degli,2
bibliche,2
storico,2
rhetorik,2
sefarad,2
semitica,2
slavica,2
simpósioo,2
kerk,2
inquirer,2
skeptical,2
skeptic,2
scandinavian,2
sjot,2
paulo,2
signs,2
semitics,2
sheviley,2
shane,2
sun,2
seven,2
sevartham,2
ethnological,2
senri,2
syromesopotamian,2
syzygy,2
taoist,2
vivarium,2
morgenlandes,2
weavings,2
street,2
wall,2
benedictina,2
voices,2
vogue,2
victims,2
kundedasiens,2
violence,2
viator,2
christianorum,2
vetera,2
caro,2
utne,2
update,2
wienerkunde,2
william,2
uniting,2
womens,2
zwingliana,2
bibliographie,2
bibliothekswesen,2
morgenländischen,2
dossier,2
worldview,2
order,2
witness,2
mary,2
schiller,2
friedrich,2
wisconsin,2
wired,2
portfolio,2
winterthur,2
wilson,2
universitas,2
fratrum,2
tc,2
themelios,2
theosophical,2
lancaster,2
theologika,2
educator,2
evangelica,2
theoforum,2
theodolite,2
indexer,2
fordham,2
texas,2
reflexe,2
percent,2
temenos,2
telos,2
teilhard,2
technology,2
thesis,2
forks,2
unitas,2
transformation,2
sancta,2
una,2
ugaritforschungen,2
vine,2
true,2
tripod,2
tricycle,2
transafrican,2
time,2
trajecta,2
discovery,2
traditio,2
pao,2
toung,2
umadda,2
torah,2
droits,2
latines,2
degyptologie,2
northwestern,2
test,2
testamentum,2
religio,2
nova,2
nouvelle,2
histoire,2
norveg,2
theologye,2
occ,2
management,2
nonprofit,2
hamidrashia,2
niv,2
fiction,2
nineteenthcentury,2
nightsun,2
numen,2
oceania,2
nicm,2
orientalistische,2
parapsychology,2
paraclete,2
parabola,2
igaristika,2
paleobulgaricastarob,2
paideuma,2
pacifica,2
lovaniensia,2
rundschau,2
christianus,2
oriens,2
litterarum,2
orbis,2
optat,2
omega,2
ru,2
niddan,2
nexus,2
patient,2
mitekufat,2
manitoba,2
mosaic,2
month,2
monist,2
drama,2
believing,2
haeven,2
mississippi,2
muenchner,2
missiology,2
apostolica,2
missio,2
comillas,2
miscelánea,2
formation,2
ministerial,2
ms,2
muqarnas,2
yorker,2
neotestamentica,2
scientist,2
oxford,2
directions,2
conversations,2
blackfriars,2
systematische,2
neue,2
nebraska,2
muséon,2
natural,2
catholics,2
observer,2
geographic,2
mythlore,2
mystics,2
helveticum,2
present,2
patristics,2
darchéologie,2
readers,2
regeneration,2
zurich,2
reformatio,2
mishawaka,2
services,2
redbook,2
reconstructionist,2
rcda,2
benedicti,2
ramparts,2
radix,2
liturgiques,2
questions,2
mythic,2
speech,2
qualelibet,2
regulae,2
religiologiques,2
ptca,2
revision,2
dassyriologie,2
javeriana,2
indias,2
hispánicos,2
culturablica,2
antropologia,2
buenos,2
evangelicals,2
communist,2
vermont,2
restoration,2
renascence,2
trad,2
lands,2
comm,2
areas,2
publishers,2
protestantesimo,2
patterns,2
peuplesditerranéens,2
pietismus,2
het,2
phoenix,2
rhetoric,2
phenomenological,2
investigations,2
philippine,2
guidance,2
pilgrimage,2
personnel,2
perkins,2
penthouse,2
pennsylvania,2
peasant,2
pc,2
prejudice,2
protestantismus,2
plains,2
prooftexts,2
presbyterion,2
progressions,2
proche,2
lakes,2
great,2
note,2
special,2
presidential,2
preaching,2
plural,2
juridique,2
praxis,2
teologie,2
post,2
population,2
polin,2
pneuma,2
hastings,2
abaside,2
islamochristiana,2
aula,2
translator,2
dumbarton,2
oaks,2
bibbiaoriente,2
mikra,2
beit,2
kartlisa,2
bedi,2
beacon,2
bangalore,2
godhead,2
augustinianum,2
ecumenism,2
reproduction,2
assisted,2
god,2
survey,2
economist,2
ashland,2
seminarian,2
ecotheology,2
unit,2
professional,2
ec,2
tr,2
drew,2
catholique,2
discover,2
devonshire,2
advancement,2
rpts,2
diakonia,2
understanding,2
dialectics,2
biblische,2
dialog,2
alliance,2
colombo,2
repository,2
diapason,2
didaskalia,2
dimension,2
canada,2
bibliographical,2
diogenes,2
dionysius,2
interp,2
disability,2
disarmament,2
views,2
discipliana,2
army,2
efemerides,2
detroit,2
eretzisrael,2
periodical,2
aram,2
epta,2
arabica,2
epigraphy,2
arabian,2
epworth,2
arab,2
aquinas,2
erasmus,2
el,2
advocate,2
sur,2
apuntes,2
apeiron,2
anvil,2
antonianum,2
est,2
antiquity,2
anthropos,2
rv,2
religionr,2
antiquities,2
geographers,2
epoché,2
arc,2
architectural,2
architecture,2
recherche,2
aries,2
egittovicino,2
español,2
oriente,2
archivio,2
littéraire,2
doctrinale,2
église,2
eighteenthcentury,2
dalsace,2
encounters,2
deglise,2
archorientální,2
religionspsychologie,2
ensaiosmonografias,2
environmental,2
liturgicae,2
papyrusforschung,2
orientforschung,2
mittelrheinische,2
vonhmen,2
epiphany,2
beiträge,2
death,2
dellistituto,2
cithara,2
week,2
ching,2
feng,2
challenge,2
leader,2
bullisiana,2
oracle,2
monitor,2
christus,2
chron,2
churchman,2
civil,2
common,2
war,2
septuagint,2
cattolica,2
henry,2
clues,2
col,2
colloquium,2
sikh,2
scientists,2
zealand,2
atomic,2
byu,2
suntimes,2
studiesétudes,2
chesterton,2
caregiver,2
slavic,2
catalyst,2
canadianamerican,2
cathedra,2
catholica,2
canadianof,2
ökumenische,2
cca,2
ccar,2
reform,2
campus,2
samizdat,2
centro,2
byzantinoslavica,2
cgst,2
channels,2
zeit,2
chaplains,2
charisma,2
byzantines,2
charlespeirce,2
checklist,2
commentary,2
boundary,2
sarah,2
blake,2
storia,2
house,2
criswell,2
crj,2
reporter,2
crozer,2
crucible,2
augsburg,2
collector,2
ctns,2
cuadernos,2
bitzaron,2
archaeological,2
binah,2
cumberland,2
cura,2
animarum,2
bikamus,2
pentecostalcharismatic,2
voor,2
daedalus,2
tidsskrift,2
daphnis,2
daughters,2
nella,2
cresset,2
bridge,2
creation,2
communal,2
angloisrael,2
theologia,2
communion,2
computers,2
bibliog,2
monograph,2
concurrence,2
mag,2
configurations,2
congregational,2
connecticut,2
conrad,2
grebel,2
conscience,2
français,2
soci,2
contact,2
movement,2
coptic,2
reviewquarterly,2
bridges,2
cov,2
napoli,2
caribbean,2
islamologiques,2
auditu,2
franciscan,2
evangel,2
missions,2
américas,2
arabes,2
evangelische,2
summary,2
psychologist,2
ad,2
excavations,2
adolescence,2
adris,2
afer,2
surveys,2
patristica,2
frontier,2
islamiques,2
ethnographica,2
inuit,2
etsi,2
academe,2
cracoviensia,2
futurist,2
abrnahrain,2
gallup,2
ethnos,2
ethnohistory,2
letters,2
gesta,2
gnomon,2
gesamte,2
theatre,2
critique,2
eternity,2
pres,2
américa,2
progressive,2
turin,2
indígena,2
protestant,2
theo,2
ethnologist,2
africaint,2
annales,2
imago,2
psychotherapy,2
gyn,2
families,2
victoria,2
works,2
zion,2
flambeau,2
fabula,2
foi,2
ame,2
alternativas,2
allpanchis,2
forbes,2
foreign,2
fortune,2
explorations,2
albanian,2
explor,2
letter,2
agriculture,2
isr,2
medicine,2
amsterdam,2
estudos,2
melbourne,2
mass,2
grace,2
abba,2
hamdard,2
teológicos,2
grundtvigstudier,2
episcopal,2
gr,2
grail,2
roman,2
anima,2
anglosaxon,2
experience,2
green,2
westminster,1
società,1
valdesi,1
cambridge,1
geistesgeschichterel,1
bol,1
vald,1
cambridgeof,1
missionswissenschaft,1
publishing,1
recher,1
religionswissenschaftmiss,1
neuere,1
theologiegeschichteneuer,1
religieuse,1
informationen,1
newslttr,1
assyriologie,1
cal,1
calvin,1
britishrel,1
quarterlymagazine,1
studiesyst,1
young,1
africaev,1
brigham,1
kirchengeschichtek,1
viennass,1
ministryr,1
sud,1
missionmiss,1
china,1
wienerk,1
rreference,1
quarterlyq,1
hse,1
radical,1
rad,1
sudasiens,1
pub,1
della,1
indische,1
revival,1
bollettino,1
amislamic,1
myth,1
nederlandsche,1
dom,1
ages,1
zwinglis,1
pal,1
faculteiten,1
traditions,1
amarch,1
philosophische,1
ren,1
palestine,1
reformationrenaissance,1
etforme,1
diskussion,1
schweiz,1
exegetischen,1
chred,1
expositor,1
vig,1
jezuieten,1
dominated,1
aar,1
cultura,1
religionafrican,1
pastorales,1
revivalquarterly,1
britishsociology,1
sciencessciences,1
theomusicology,1
gg,1
zionr,1
kircheth,1
canth,1
brasileira,1
teológica,1
scripturae,1
zs,1
filosofie,1
anthro,1
humaines,1
theologyreligie,1
intel,1
bull,1
division,1
buddhistchristian,1
yb,1
christiammuslim,1
archäologieassyr,1
gesellschaftdeutschen,1
polish,1
marquette,1
mejicana,1
jewry,1
eur,1
zsr,1
traethodyddtraethodydd,1
wissenschaftaltt,1
academiae,1
anth,1
scientiarum,1
praktiese,1
alttestamentliche,1
suidafrika,1
praks,1
afrika,1
papyr,1
philw,1
pnt,1
gesellschaft,1
bulmartyn,1
vooraziatischegyptisch,1
genootschap,1
christentumantikes,1
antikes,1
rylands,1
althebraistikalthebr,1
ein,1
door,1
neueren,1
john,1
cognate,1
palästinavereins,1
ptts,1
pers,1
uitgegeven,1
palästinavereinsdes,1
bulrylands,1
vorderasiatische,1
organization,1
hungaricae,1
papyrologists,1
bud,1
personalist,1
wissenschaftliche,1
person,1
procgtmbib,1
procgtbib,1
ethik,1
ecclesial,1
procam,1
protestantisme,1
process,1
theologiekath,1
semiannual,1
joséphologie,1
chrétien,1
revuetudes,1
dinformations,1
josephologie,1
manchester,1
lilly,1
endowment,1
cahiersth,1
ethikev,1
socprot,1
kircheneut,1
africaine,1
judaismmultidisciplinary,1
researchsr,1
institutes,1
princb,1
australasia,1
asiaaustralasia,1
christianaereview,1
europenorth,1
europeam,1
affiliation,1
neutestamentliche,1
byzantina,1
wissenschaft,1
universit,1
botsa,1
byzantinische,1
byzant,1
universitwissenschaftliche,1
älteren,1
literaturebib,1
airesbib,1
notizen,1
rnternationale,1
soundings,1
sound,1
centre,1
innew,1
sbjt,1
reformationsgeschichte,1
mere,1
southwestern,1
classics,1
theologywth,1
gebiete,1
verwandte,1
springfielder,1
spfdr,1
marks,1
mark,1
torontoth,1
vladq,1
vlad,1
liturgiewissenschaft,1
stonecampbell,1
campbell,1
toronto,1
ecumenici,1
ecum,1
published,1
sinologie,1
boston,1
worcester,1
linformation,1
louis,1
mo,1
sixteen,1
katholiek,1
pour,1
geschiedenis,1
areopagus,1
todays,1
areopagusliving,1
arqueolog,1
arqueologarchivo,1
bollandiana,1
archivo,1
incorporating,1
act,1
actionquarterly,1
polanyi,1
compass,1
boll,1
progress,1
prog,1
sociologie,1
papersbsem,1
sociales,1
anc,1
mcgill,1
lesotérisme,1
teológicas,1
kvartalskrift,1
quartalschrift,1
gebiet,1
svenskk,1
reflexiones,1
das,1
intermingling,1
theoretical,1
monatsschriftr,1
dart,1
tsf,1
taiwan,1
students,1
taiwanth,1
thnear,1
linguistics,1
textual,1
teaching,1
teach,1
relig,1
markings,1
markingsuts,1
dept,1
teologická,1
department,1
missionstidskrift,1
desde,1
tikkun,1
thsuppl,1
ecclesiasticae,1
refl,1
liturgica,1
mystica,1
myst,1
arasaradith,1
swedenborgiana,1
swedenborg,1
reflection,1
arasaradi,1
tikkunbimonthly,1
interreligious,1
creek,1
interrelig,1
religionsciences,1
religieusesr,1
muddy,1
andrews,1
enc,1
studiesu,1
thomist,1
thomistspeculative,1
hispano,1
margen,1
epis,1
leven,1
nederlanden,1
vigiliae,1
teo,1
bibliquebib,1
unionq,1
canadienne,1
etudes,1
hospital,1
canad,1
etud,1
technical,1
jl,1
prot,1
darcheologie,1
religionshist,1
qumranqumran,1
philosophieth,1
ja,1
byzantinese,1
juivese,1
juives,1
real,1
théologiquessci,1
religieusessci,1
ecclésiastiquehist,1
appractical,1
religieuseshist,1
ult,1
tech,1
teologiaespañola,1
lantiquité,1
española,1
obstetrics,1
religionbk,1
mormonbks,1
vet,1
vetus,1
gynecology,1
amerobs,1
concerned,1
ver,1
ampast,1
agustinianaagustiniana,1
revistablica,1
mvt,1
ny,1
amsociology,1
aires,1
amth,1
presbyterians,1
brüdergemeine,1
gegenwartsfragen,1
archaeologist,1
interpretacibíblica,1
latinoamericana,1
intblica,1
latinoamer,1
meaning,1
reality,1
hahinnukh,1
scot,1
scotth,1
tugan,1
asst,1
reviews,1
searching,1
search,1
herit,1
assemb,1
atla,1
assemblies,1
asianpentecostal,1
servicio,1
informaciones,1
religiosas,1
serv,1
inform,1
folk,1
inchristian,1
context,1
angloamerican,1
shambhala,1
team,1
caribev,1
proceedingsta,1
hahinuch,1
scotrel,1
ecclésiastiques,1
lantiquite,1
edition,1
ricerche,1
ultimate,1
richerche,1
kartvélologie,1
hosp,1
tyndalebul,1
rvwr,1
storialetteratura,1
religiosa,1
stor,1
lett,1
reviewer,1
assn,1
baptth,1
baptherit,1
tug,1
discussion,1
saint,1
lukes,1
luke,1
aztlaztl,1
austbib,1
aust,1
meeting,1
meet,1
shamb,1
val,1
caribrel,1
media,1
statech,1
eclesiásticos,1
educationchr,1
uschr,1
ethicsb,1
trimestral,1
mediaof,1
studiesbaháí,1
investigacie,1
informaciteológica,1
studiesbritish,1
musicblack,1
literatureb,1
counselingbib,1
musicch,1
religioncomm,1
religioncomp,1
geographycultural,1
estudiosblicos,1
cuneiform,1
studiescuneiform,1
developing,1
societiesdev,1
dharma,1
religionsdharma,1
studiesearly,1
ecclesiastical,1
historyeccl,1
studiesec,1
beliefed,1
empirical,1
religionbib,1
geneticsasst,1
josephinumth,1
peace,1
periodst,1
hellenistic,1
persian,1
religionsr,1
preacherspreachers,1
studiespeace,1
researchchr,1
theologyat,1
américanistes,1
américanistessoci,1
asiatiqueasiatique,1
affairsinst,1
textlinguistics,1
translation,1
guatemala,1
religionst,1
guatamala,1
pseudepigraphast,1
pseud,1
churchth,1
thoughtafr,1
historyafrican,1
historyamerican,1
folkloreamerican,1
analytical,1
psychologyanalytical,1
researchanthropological,1
studiesarab,1
isl,1
literaturearab,1
ecles,1
theologyempirical,1
studiesethnic,1
studieseuropean,1
studiesmennonite,1
studiesnear,1
affairsmuslim,1
historymormon,1
historymod,1
recovery,1
recoveryministry,1
archaeologymediterranean,1
exchangefaith,1
mediterranean,1
studiesmedieval,1
theologicae,1
fam,1
familymarriage,1
marriage,1
engagesocial,1
encount,1
eighteen,1
eighteenth,1
languagesnorthwest,1
historypacific,1
counselingpastc,1
carepast,1
counselingpast,1
practicepast,1
theologypast,1
theologypentecostal,1
philosophyof,1
economyof,1
economy,1
philadelphia,1
pa,1
religionlaw,1
studieslatin,1
lorelatin,1
homosexualityhomosexuality,1
montclair,1
njfaith,1
religionfem,1
global,1
buddhismglobal,1
buddhism,1
chaplaincyhealth,1
scriptureshebrew,1
ucla,1
hellenic,1
studieshellenic,1
hispaniclatino,1
theologyhispaniclat,1
geographyof,1
religionhum,1
studiesjew,1
humanistic,1
psychologyhumanistic,1
philosophyindian,1
indoeuropean,1
studiesindoeuropean,1
ethicsinfo,1
interfaith,1
dialogueinterdisciplinary,1
studiesislam,1
israeli,1
eph,1
statehoodisraeli,1
lovanienses,1
philosophyjew,1
legal,1
josephinum,1
historypres,1
fundamentalist,1
las,1
ciencias,1
francepays,1
freiburger,1
freiburgph,1
idocinternational,1
rome,1
song,1
fund,1
intam,1
internationalam,1
fut,1
enterprise,1
future,1
religiones,1
pays,1
france,1
fndtns,1
af,1
slope,1
claremont,1
skriflig,1
tydskrif,1
gereformeerde,1
vereniging,1
fnd,1
facets,1
indianof,1
indth,1
indoiranian,1
indoiran,1
bulletindc,1
kritische,1
jewr,1
arkheologiyot,1
hinduchr,1
hinduchristian,1
obs,1
inv,1
hadashot,1
hervormdest,1
hervormde,1
klassische,1
hadash,1
hebrc,1
ark,1
devoted,1
islamicus,1
hartford,1
investigation,1
obstetric,1
gynecologic,1
greg,1
gregorianum,1
universities,1
rom,1
genocide,1
homileticreview,1
publications,1
herld,1
syriac,1
gosp,1
quarterlycomparative,1
herald,1
gospel,1
altertumswissenschaft,1
latina,1
infm,1
folklr,1
religionssoziologie,1
missiological,1
iren,1
chevetogne,1
moines,1
irénikon,1
wiss,1
wissens,1
informesm,1
expository,1
expos,1
kath,1
wildlf,1
intmiss,1
philosophers,1
christianmuslim,1
chrmus,1
quarterlyreview,1
exc,1
scripture,1
evth,1
österreichischen,1
osterreichischen,1
europeanth,1
eurchurch,1
religieusest,1
théologiques,1
hymnologie,1
westfälische,1
jbkirchengscte,1
japanrel,1
jewsociology,1
intsyst,1
systematic,1
intrel,1
iss,1
interdisciplinaryof,1
things,1
fac,1
thingsmonthly,1
filosof,1
seriescibibliog,1
oggi,1
filologiat,1
jus,1
neotestamentaria,1
filologia,1
reformata,1
iciuis,1
fem,1
intercltr,1
intprac,1
intercultural,1
transdisciplinary,1
interculturelle,1
transdisciplinaire,1
fr,1
intph,1
intpsych,1
internationalof,1
pract,1
fertility,1
menopausal,1
intfer,1
mnp,1
intfrontier,1
culturepres,1
judaismprog,1
pacificth,1
contributions,1
consensus,1
conservative,1
conserv,1
contemp,1
continuum,1
cont,1
mid,1
bulletinsr,1
midamth,1
contrib,1
michiganreview,1
michigan,1
methodistr,1
meth,1
consensuscanadian,1
cons,1
liberté,1
consc,1
teologiaciencias,1
humanas,1
liberty,1
quart,1
cong,1
conf,1
librarians,1
monumenta,1
nipponica,1
mon,1
nippn,1
moravian,1
morav,1
mennr,1
ministers,1
liturgisches,1
workshop,1
luthergesellschaft,1
ctmt,1
lumiere,1
lumière,1
manipulation,1
wkshp,1
cult,1
religieusesci,1
londh,1
holborn,1
cyber,1
orthodoxy,1
gottesdienstes,1
fragen,1
crux,1
luthconf,1
lutherjahrbuch,1
organ,1
internationalen,1
lutherforschung,1
cruxquarterly,1
criterion,1
cristianismo,1
crist,1
cristianesimo,1
med,1
medillian,1
medlln,1
melanesian,1
melanesianth,1
langes,1
thbul,1
concorinst,1
moslem,1
spiritled,1
unione,1
ohiorel,1
ogbomosoth,1
ogbomoso,1
occas,1
bll,1
nov,1
mosl,1
related,1
novum,1
theologique,1
nono,1
registertregister,1
ill,1
ökum,1
indiana,1
valparaiso,1
orate,1
fratres,1
frat,1
hefter,1
christlichen,1
christiana,1
vierteljahresschriftr,1
quarterlyb,1
orim,1
orm,1
ostkirchliche,1
studien,1
ostkirch,1
fth,1
northeast,1
norsktid,1
norsk,1
hart,1
theolog,1
commentarii,1
visual,1
com,1
viatorum,1
muslimbk,1
commonweal,1
commonwealreview,1
associationaa,1
australianz,1
nederlands,1
theologisch,1
nedtij,1
religionsphilosophiez,1
theologieztheol,1
creative,1
civilta,1
civiltà,1
judaeochristian,1
studiest,1
chmn,1
naots,1
newsweek,1
newswk,1
philanthropy,1
foundation,1
cris,1
crisischristian,1
scholars,1
thinking,1
vierteljahreshefter,1
cyberj,1
mex,1
growth,1
theologyasiath,1
problems,1
societyanc,1
universityance,1
columbia,1
jascg,1
sc,1
adventist,1
societyam,1
europeeurope,1
supplementar,1
religionar,1
studiesar,1
buddhistbuddhist,1
phenomenologybritish,1
phenomenology,1
societycan,1
chsoc,1
fellowshipchr,1
fel,1
theologyafricaev,1
republicearly,1
dutchch,1
orienteconomic,1
jepta,1
societyev,1
instituteh,1
ideashist,1
philosophyhist,1
sexualityhistory,1
dutch,1
societyadventist,1
educationacademy,1
dansk,1
aging,1
ethicsrel,1
informationrel,1
religionrel,1
africarel,1
psychical,1
healthrel,1
agingrel,1
theologyj,1
judaismref,1
judaismpsych,1
christianitypsych,1
theologypsych,1
integration,1
mexicana,1
gerontologyrel,1
gerontology,1
historyrel,1
studiesrel,1
thoughtrel,1
ritual,1
studiesritual,1
studiessem,1
philosophysoc,1
historysouthern,1
religionsouthern,1
bhagavadgitast,1
bhagavadgita,1
supervision,1
training,1
ministrysupervision,1
train,1
interdenominational,1
centerint,1
studiesint,1
lehre,1
minnesota,1
ostenost,1
im,1
kirche,1
providence,1
ker,1
forschung,1
buddh,1
dogma,1
directionmennonite,1
katal,1
katallagete,1
direction,1
kairguatemala,1
graduate,1
promotingknowledge,1
dedicated,1
philosophique,1
revuethique,1
leadershippractical,1
leaders,1
bap,1
les,1
islamischen,1
lexington,1
lex,1
kultur,1
liberal,1
lc,1
academic,1
dansktid,1
centroamericano,1
teológico,1
seminario,1
cultures,1
moscow,1
patriarchatemoscow,1
patr,1
pprs,1
instructorsnat,1
instructors,1
societypres,1
gateway,1
societyroyal,1
exegesissocl,1
exeg,1
ethicssoc,1
studiesth,1
theologies,1
asiatheol,1
por,1
seminaryth,1
uts,1
africath,1
transpersonal,1
psychologytranspersonal,1
downside,1
historyunit,1
vaisnava,1
studiesvaisnava,1
religionwomen,1
judaismquarterly,1
mystical,1
kairrevista,1
publicada,1
sys,1
